tweet,label
"Vaseline Gluta Hya 200ml
ğŸ’°dari 56.500 ke 47.300
 lagi turun harga nih bestie buruan di checkout
 https://t.co/dmhP33fGeU
4.9 â­ï¸â­ï¸â­ï¸â­ï¸
Shopee Hamil iqbal vagabond senin sunscreen Bima sakti 15 SKS markus bintang emon kenceng  U-17 tifa besok 10.10 sang ah kerasa #racunshopee https://t.co/Ip1j0g5Pue",1
"Fans kpop bts harus punya nih 
OTOMATIS GRATIS ONGKIR TANPA VOUCHER

https://t.co/mvMqdPUoiq

#ShopeepayTHR #Zonauang #Zonaba #CHAERYEONGÂ #ITZYÂ iqbal Besok 10.10 Kuntilanak Bintang emon Senin https://t.co/Cdv8kcKWZS",1
"Rekomendasi aksesoris aeshtetik buat ciwik2âœ¨
Belinya disini ğŸ‘‰ https://t.co/jlnxYMNdwy

Info promo dan diskonâ¤µï¸

_____
Dokter|Nunez|Besok Senin|Local|Wasit https://t.co/qhgaSjknei",1
"Gratisss nih roughneck
https://t.co/NjyzxuDl2C

#ShopeepayTHR #Zonauang #Zonaba #CHAERYEONGÂ #ITZYÂ iqbal Besok 10.10 Kuntilanak Bintang emon Senin https://t.co/nPYolomyK0",1
"Besok senin even 10.10 di Tokopedia. Jangan lupa belanja ke toko dibawah ini !!
1. Nivea : 
https://t.co/R7g5kHep8j
2. Unilever :
https://t.co/bukVFYhA94

Klaim voucher kebut gopay di tokopedia via link dibawah ini

https://t.co/KTKsz6UMDy

#KebutGoPay #TokopediaPromo #tokopedia https://t.co/fvYPoOoYv2",1
"Ide kado buat kondangan ada disiniğŸ‘‡ 

Izin tag ya kak: #KimGoEun Injoo Besok Senin Hoshi hyorin Doil #åˆ˜æ‰¬æ‰¬1010ç”Ÿæ—¥å¿«ä¹ #winmetawin Kingdom #ì—ì´í‹°ì¦ˆ https://t.co/OilveELgc9",1
"FLASH SALE

ğŸ·ï¸https://t.co/m1smhLbJIi

Besok senin hamil wooyoung iqbal 15 sks senin u-17 markus injoo kingdom malaysia puyol trent nunez senin vegabond arsenal iqbal  #LittleWomenEp12 #BiggBossTamil6 #ARSLIV #MANIACinJKT #Centaurus #BTSARMY #IkatanCintaEp905 https://t.co/qHrzGfPrWj",1
"Bedak azzura jadi 3000an 
Vouchernya follow toko azzura 

https://t.co/LVpUq8oLQk

#ShopeepayTHR #Zonauang #Zonaba #CHAERYEONGÂ #ITZYÂ iqbal Besok 10.10 Kuntilanak Bintang emon Senin https://t.co/AtJVjVYLre",1
"Somethinc 10rb an udah terjual 1.400 guyss 

https://t.co/SxnMCfJcpy

#ShopeepayTHR #Zonauang #Zonaba #CHAERYEONGÂ #ITZYÂ iqbal Besok 10.10 Kuntilanak Bintang emon Senin https://t.co/mnwYl5hTIc",1
"Miisoo diskon 50%
Maksimal Rp20.000

https://t.co/4kfIgqYtRl

#ShopeepayTHR #Zonauang #Zonaba #CHAERYEONGÂ #ITZYÂ iqbal Besok 10.10 Kuntilanak Bintang emon Senin https://t.co/BmmRDDyYFI",1
"Sneakers

Besok senin hamil wooyoung iqbal 15 sks senin u-17 markus injoo kingdom malaysia puyol trent nunez senin vegabond arsenal #LittleWomenEp12 #BiggBossTamil6 #ARSLIV #MANIACinJKT #Centaurus #BTSARMY https://t.co/R4BRi5V8N4",1
"""@sellkpopfess https://t.co/Aak36cgdqt

nihhh yuu kaaaa dom jakarta good condi~""",1
"Gass masih adaa  avoskin https://t.co/zTIfdv50Xk

#ShopeepayTHR #Zonauang #Zonaba #CHAERYEONGÂ #ITZYÂ iqbal Besok 10.10 Kuntilanak Bintang emon Senin https://t.co/T8iY2CdUFa",1
"Spesial 10.10 | Shopee Mall | Digimap | Apple iPhone 12 64GB Purple

â– Diskon 25% Rate 5 â­
ğŸ”— https://t.co/4fQoDthwJd

Hamil Vagabond wooyoung Igbal Injoo Kuntilanak Kingdom Jongho Besok Senin #LittleWomenEp12 https://t.co/G17X7HF8Il",1
"â€¼ï¸WAR PC NCTâ€¼ï¸

Start from 10k-85k

ğŸ“† Jumat, 21 Oktober 2022
ğŸ•’ WAR JAM 20:05 WIB
ğŸ“ Dom Jakarta Timur &amp; Palembang
âœ… HARGA BERSIH KR
âœ… Bisa Co Shopee &amp; Tokped

ğŸ’¸Ada Perubahan HargağŸ’¸

t. wts pc nct ina nct dream 127 haechan jungwoo jaehyun 2 baddies faster digipack photobook https://t.co/KG6GJCJKQ2",1
"Voucher brand diskon 50%
10 Oktober 2022
â°00.00 wib
Klaim dan cek selengkapnya disini

https://t.co/Y7IGm21nhV

#ShopeepayTHR #Zonauang #Zonaba #CHAERYEONGÂ #ITZYÂ iqbal Besok 10.10 Kuntilanak Bintang emon Senin https://t.co/bh0Rt3nFg1",1
WTS INA Weverse BTS JIN THE ASTRONAUTS ğŸ«°ğŸ» 295k dp 200k (purple version) âœ…Shipping &amp; TAX WH Korea ğŸ–‡harga bisa turun/naik/tetap menyesuaikan berat &amp; tax barang ğŸ§˜ğŸ»DOM Jakarta Pusat/Bekasi/Balikpapan ğŸ™†ğŸ¼â€â™€ï¸ada group jajan di Line ğŸ¤™ğŸ»Open Cicilan ğŸŠSHOPEE gratis ongkir ğŸ–‡@rkiveshopid https://t.co/hEm9o8gkRY Besok Senin ,1
"Rekomendasi Sepatu Sneakers Original By ASICS

a threadâ¤µï¸

tag: #littlewomenep12 #arsliv #shopee1010 #racunshopee arsenal #ourmiracleyangyang puyol u-17 #mufc #åˆ˜æ‰¬æ‰¬1010ç”Ÿæ—¥å¿«ä¹ pagi senin olahraga sehat https://t.co/RhlHd7U8w3",1
"Atasan batik 

Besok senin ronaldo antony wooyoung iqbal 15 sks senin u-17 injoo malaysia arsenal tomiyasu casemiro hendo trent besok 10.10 kingdom #LittleWomenEp12 #centaurus #timnasu17 #CentaurusMall #KimGoEun #LouisVuitton #PENTAGON #Pentagon6thWish https://t.co/QHE5m12RPc",1
"Tahta tertinggi dunia perombrean jatuh kepada HanasuiğŸ˜­âœ¨
Udah cakeup warnanya, cuma 19ribu pulağŸ˜© yakali ngga punya hanasui satu iniğŸ˜Œ
ğ—•ğ—²ğ—¹ğ—¶ğ—»ğ˜†ğ—®ğ—±ğ—¶ğ˜€ğ—¶ğ—»ğ—¶ğŸ‘‰ğŸ» https://t.co/4hbxiiFxiE

_____
ODGJ|Casillas|wooyoung|Hendo|U-17 https://t.co/NiHYCN3Zex",1
"Stiker untuk jok/sofa rusak
Linkâ¡ï¸ https://t.co/7RhYospVa7

.
.
.

Hamil 15 SKS Vagabond wooyoung Iqbal #LittleWomenEp12 ODGJ Markus Bima Sakti U-17 Injoo Choi Doil Senin Antony #LouisVuitton #KimGoEun Sunscreen Tomiyasu Kuntilanak Casillas Tifa #LESSERAFIM_ANTIFRAGILE Hindu https://t.co/muAIYusf6W",1
"âœ¨Rekomendasi dompet hits untuk kado atau pakai sendiriâœ¨
Cek 2-10 (pria), 11-21 (wanita) 
Lagi 10.10 banyak diskonnya!! 

A thread

Tags
15 SKS â€¢ iqbal â€¢ wooyoung â€¢ Injoo â€¢ Sunscreen â€¢ Senin â€¢ Markus â€¢ ODGJ â€¢ Hamil â€¢ Bobby â€¢ #KimGoEun â€¢ U-17 â€¢ Malaysia â€¢ Vagabond https://t.co/hxI50igkJs",1
"â€¼ï¸ FLASH SALE 10.10 â€¼ï¸

Kiyowo Shoulder Bag
â­ 4.9
https://t.co/t7MCNQWIEB

( tags : arsenal martinelli trent gabriel malaysia klopp senin u-17 saka bobby firmino iqbal 15 sks wooyoung injoo sunscreen #LouisVuitton #LittleWomenEp12 https://t.co/NA86Oa5pcF",1
"Rekomendasi Rok Bordiran Cantik Ala Wanita KoreağŸ‡°ğŸ‡· cocok buat Outfit jalan2.

Beli disiniğŸ‘‰https://t.co/fKjifSjn70

_____
lokal|U-17|Saliba|#OurMiracleYANGYANG|Arteta https://t.co/8knKCYkTGJ",1
"â€¼ï¸ FLASH SALE 10.10 â€¼ï¸

Angola Set Sapu Pengki 
â­ 4.8
https://t.co/8liTpqTVO9

( tags : arsenal martinelli trent gabriel malaysia klopp senin u-17 saka bobby firmino iqbal 15 sks wooyoung injoo sunscreen #LouisVuitton #LittleWomenEp12 ) https://t.co/7qd4bkxBxF",1
"Arsenal Shoes ğŸ¤
â­ 4.9 /&gt; 10k penjualan
ğŸ”—https://t.co/KRkDcLn4z0

( tags : arsenal martinelli trent gabriel malaysia klopp senin u-17 saka bobby firmino iqbal 15 sks wooyoung injoo sunscreen #LouisVuitton #LittleWomenEp12 ) https://t.co/iINn8P1LUs",1
Event organizer kamu berencana untuk meyelenggarakan bazzar di jakarta? sewa produk yg tepat untuk event anda di https://t.co/gXAs2cOSJt,1
"MSBB - Avoskin Your Skin Bae Azeclair 10% + Kombucha 3% + Niacinamide 2,5% Vaccine Serum
Link : https://t.co/tMcBG9zDOR
GECEEE MURMER
___
Iqbal hamil u-17 depok vagabond markus kingdom malaysia 15 sks cilacap senin the originote kerasa arsenal bobby injoo https://t.co/YDUn7KTdfc",1
"Open Jastip Tiket Seventeen Be The Sun Jakarta - 28 Desember 2023 âœ… Pakai data pribadi âœ… Bisa book slot dulu âœ… Fee balik 100% kalo gak dapet âœ… Pembayaran tiket sendiri âœ… Trusted 100%, testi ada di Instagram jastipintiketkuy âœ… VERY LIMITED SLOT Wts wtb war #BETHESUNinJKT https://t.co/y7nCFl9DTf",1
"Helm retro

Besok senin hamil wooyoung iqbal 15 sks senin u-17 markus injoo kingdom malaysia puyol trent nunez senin vegabond arsenal #LittleWomenEp12 #BiggBossTamil6 #ARSLIV #MANIACinJKT #Centaurus #KPWourldTourSingapore https://t.co/9bz0JbScUn",1
"rekomendasi parfum dr brand indonesia under 100k, wanginya kenceng dan awet. buat besok senin nih, trent markus gabriel bima sakti dan fans arsenal u-17 bisa coba. 

- a thread - https://t.co/YgvPwGhMPj",1
"Teh pelangsing herbal alami
ğŸŒŸ4.9
ğŸ‘‰https://t.co/HvZ5le5R61

Tag
Iqbal/Bima Sakti/Markus/Kenceng/Hamil/Kuntilanak/U-17 https://t.co/FEonicasCl",1
"Atasan batik

Besok senin hamil wooyoung iqbal 15 sks senin u-17 markus injoo kingdom malaysia puyol trent nunez senin vegabond arsenal #LittleWomenEp12 #BiggBossTamil6 #ARSLIV #MANIACinJKT https://t.co/QHE5m12RPc",1
"Sale Temukan Avoskin Basic Kit seharga Rp278.000. Dapatkan sekarang juga di Shopee! https://t.co/Mj664ZESih

Taq Hamil ODGJ Iqbal #BandungInLove #ShopeeID BMKG Karina Tangerang Vagabond Gempa U-17 Bima Sakti Kuntilanak https://t.co/xUOsecOqai",1
"ğŸLip CreamğŸ

------------------------------
Iqbaal kerasa bmkg 15 sks senin U-17 cilacap wooyoung bima sakti tangerang kingdom markus",1
"Daster Busui Kekinian bun, trendi untuk ibu menyusui ğŸ˜ğŸ˜ğŸ˜ğŸ˜ğŸ˜
Yuk cek karena stock terbatas bun
ğŸ‘‡ğŸ‘‡ğŸ‘‡
https://t.co/wspJpHfF54
ğŸ‘†ğŸ‘†ğŸ‘†
U-17 Markus Kuntilanak Bima Sakti Hamil Kenceng #TimnasDay
#TejRan https://t.co/uLva4cO4DX",1
"Madame Gie Madame Cushion Puff - Aksesoris Make Up dengan potongan 77%! Hanya Rp3.500.  https://t.co/jXzniRLfap

Taq Hamil ODGJ Iqbal #BandungInLove #ShopeeID BMKG Karina Tangerang Vagabond Gempa U-17 Bima Sakti Kuntilanak https://t.co/xoD7CIguNq",1
"Madame Gie Lip Matte Netizen +62 dengan potongan 67%! Hanya Rp9.900 https://t.co/muOu7WdNdS

Taq Hamil ODGJ Iqbal #BandungInLove #ShopeeID BMKG Karina Tangerang Vagabond Gempa U-17 Bima Sakti Kuntilanak https://t.co/hGjqx9uFjl",1
"ğŸŒ» Rekomendasi Tas Ransel Cute ğŸŒ»

Beli dsniğŸ‘‰ğŸ» https://t.co/Dw3THQEafO
Join Chanel Telegram â¤µï¸

_____
Puyol,Bintang Emon,U-17,MLF1444 Keren Berfaedah,Sukabumi https://t.co/r4CQ7icqMS",1
"KIRANA OUTER - Kaftan / Gamis 

 https://t.co/06g7huyWLt

[Rekomendasi lainnya cek pin ğŸ“Œ]
_______
Vagabond #LittleWomenEp12 15 SKS Iqbal BMKG Kuntilanak U-17 Kingdom Bima Sakti #LESSERAFIMANTIFRAGILE Besok Senin Markus #LouisVuitton Sunscreen Cilacap #zonauang #zonajajan #Shopee https://t.co/o6921ZG2W1",1
"Thinkplus Lenovo TH10 Headphone Bluetooth Wireless Headset Earphone

â– Diskon 67% Rate 4.9 â­
ğŸ”— https://t.co/9ZobtZskmy

Vagabond Karina Kuntilanak Iqbal U-17 Besok 10.10 Daisy Besok Senin Kingdom Casillas Puyol #LittleWomenEp12 #LESSERAFIM_ANTIFRAGILE https://t.co/QOSmX0MvsK",1
"Dompet Pouch Lucu bisa cek di sini 
âœ…âœ…âœ…
https://t.co/XdchWexNuZ
https://t.co/XdchWexNuZ
https://t.co/XdchWexNuZ

Rekomendasi Tokped
Kuntilanak Vagabond U-17 Markus BMKG Kingdom Malaysia besok Senin Daisy Jinjin Tangerang https://t.co/aoQRRt8qYI",1
"Rekomendasi Merk TV LED Terbaik dan Terlaris

izin tag: Iker Casillas, Markus, U-17, Karina

-a thread- https://t.co/DRnZ2DTaMs",1
"Rekomendasi blouse yang bisa kamu pakai buat Jalan ğŸ˜
Pict 1 https://t.co/8Rt9TVRYQO
Pict 2 https://t.co/WOJbIcouN3
Pict 3 https://t.co/GOwKOiUKbc
Pict 4 https://t.co/QDEEJKDIjK

_____
1 miliar,Puyol,Hasto,Kesehatan Mental,iPhone 14 https://t.co/ukULmA8d6t",1
"Mini Wrap Skirt Linen âœ¨
https://t.co/64iIndwQKm

Iphone 14 | HARI INI SHOPEE 10.10 | kesehatan mental | cepmek | Di 10.10 | malaysia | Rp 0 | wooyoung https://t.co/vw9KuDrwKn",1
"Celana JeansHigh Waist âœ¨
https://t.co/p4FnMncbcc

Iphone 14 | HARI INI SHOPEE 10.10 | kesehatan mental | cepmek | Di 10.10 | malaysia | Rp 0 | wooyoung https://t.co/igXq2klj1P",1
"Bag Kiyowo âœ¨
https://t.co/RiQBpsQVWG 

Iphone 14 | HARI INI SHOPEE 10.10 | kesehatan mental | cepmek | Di 10.10 | malaysia | Rp 0 | wooyoung https://t.co/4pN38OtUAQ",1
"Beads Sandals âœ¨
https://t.co/Vbf9lxDlhP

Iphone 14 | HARI INI SHOPEE 10.10 | kesehatan mental | cepmek | Di 10.10 | malaysia | Rp 0 | wooyoung https://t.co/md6gLryL1Q",1
"Oversized T-Shirt Basic Tee âœ¨
https://t.co/j2pfzQtdfP

Iphone 14 | HARI INI SHOPEE 10.10 | kesehatan mental | cepmek | Di 10.10 | malaysia | Rp 0 | wooyoung https://t.co/iFcpGtszxI",1
"Kemeja Crop Crinkle âœ¨
https://t.co/BUnr0i3AFQ

Iphone 14 | HARI INI SHOPEE 10.10 | kesehatan mental | cepmek | Di 10.10 | malaysia | Rp 0 | wooyoung https://t.co/RWxPwuvzmK",1
"Cincin Bentuk âœ¨
https://t.co/DM3RygSBPn

Iphone 14 | HARI INI SHOPEE 10.10 | kesehatan mental | cepmek | Di 10.10 | malaysia | Rp 0 | wooyoung https://t.co/jcQmqMyneU",1
"Handle Bag âœ¨
https://t.co/o2lTI5khrs

Iphone 14 | HARI INI SHOPEE 10.10 | kesehatan mental | cepmek | Di 10.10 | malaysia | Rp 0 | wooyoung https://t.co/qYr8yRQ52P",1
"Macrame Blake Strap âœ¨
https://t.co/Fq8o95Ht8C

Iphone 14 | HARI INI SHOPEE 10.10 | kesehatan mental | cepmek | Di 10.10 | malaysia | Rp 0 | wooyoung https://t.co/ZrvFUZXpde",1
"Blue outfit

Banda neira tunangan video marshanda moana welcome to indonesia selamat datang txt jamal cepmek jeff chen jongdae kesehatan mental the 3rd mini album siena reyna exol nangis #TXTinJakarta #HouseOfTheDragon https://t.co/By6G5Tk1wO",1
"Selamat hari kesehatan mental sedunia! âœ¨
#WorldMentalHealthDay 

ğŸ‘‰ğŸ» https://t.co/fguGz1QWht https://t.co/XgPwTriuhO",1
"Sneakers

ğŸ·ï¸https://t.co/cOYKiCN8HA

Banda neira tunangan video marshanda moana welcome to indonesia selamat datang txt jamal cepmek jeff chen jongdae kesehatan mental the 3rd mini album siena reyna exol nangis taehyun #TXTinJakarta #KKNDiDesaPenari #WeLoveYouWooyoung https://t.co/tjjFhG8VUx",1
"Latte outfit

Banda neira tunangan video marshanda moana welcome to indonesia selamat datang txt jamal cepmek jeff chen jongdae kesehatan mental the 3rd mini album siena reyna exol nangis #TXTinJKT #TXT_IN_JAKARTA #KKNDiDesaPenari #WeLoveYouWooyoung https://t.co/LMmzGNHVpq",1
"Helm retro 

Banda neira tunangan video marshanda moana welcome to indonesia selamat datang txt jamal cepmek jeff chen jongdae kesehatan mental the 3rd mini album siena reyna exol nangis #TXTinJKT #TXT_IN_JAKARTA #KKNDiDesaPenari #WeLoveYouWooyoung https://t.co/ywlMFhg5Dr",1
"Atasan batik

ğŸ·ï¸https://t.co/IOLqyR4no0
ğŸ·ï¸https://t.co/D1qitaTAts

Banda neira tunangan video marshanda moana welcome to indonesia selamat datang txt jamal cepmek jeff chen jongdae kesehatan mental the 3rd mini album siena reyna exol nangis #TXTinJKT #KKNDiDesaPenari https://t.co/EJby13TU7n",1
"kombinasi warna outfit di 10.10 senin malam ini yg baik buat #kesehatanmental. bisa nih jamal dedi nino coba di hari ini shopee 10.10 biar gak kekurangan bensin

- a thread - https://t.co/UR9jBho1Ry",1
"âœ¨Rekomendasi Blouse Gemes âœ¨

A thread

selamat datang txt Blueberry Gavi Assalamualaikum UEL Inzaghi Jeng Kelin Mundur Mo Salah JIMIN JIMIN JEON JUNGKOOK  #TXT_IN_JAKARTA #LISAXHARUTO #HappyJiminDay https://t.co/DIIRtzSqgR",1
"Somethinc Sleeping Mask yang secara intens memberi kelembaban dan nutrisi di malam hari.
Link pembelian cek disini â¤µï¸
https://t.co/kPoxl6XiSu

Assalamualaikum UEL Asnawi Mundur Mo Salah Nunez Firmino Lewandowski  De Jong Europa League https://t.co/WuDxh8582T",1
"Saya menjual CIVIL RELIGION ~ politik ~ Islam ~ budaya seharga . Dapatkan produk ini hanya di Shopee! https://t.co/ChhgVJpX0Q #ShopeeID
#Lewandowski #Mundur #JengKelin
 #menhanprabowo #Bayern #Kessie https://t.co/HAK4LQmz5W",1
"Saya menjual KAMUS KELOMPOK 5000 Kata Mandarin seharga . Dapatkan produk ini hanya di Shopee! https://t.co/zFOCDybCz9 #ShopeeID
#Lewandowski #Mundur #JengKelin
 #menhanprabowo #Bayern #Kessie https://t.co/foLIHGei8Y",1
"Saya menjual PENGANTAR FILSAFAT ILMU ~ filsafat ~ ilmu ~ sosial ~ budaya seharga . Dapatkan produk ini hanya di Shopee! https://t.co/yzNONPIOQB #ShopeeID
#Lewandowski #Mundur #JengKelin
 #menhanprabowo #Bayern #Kessie https://t.co/a3A4x24deY",1
"Rekomendasi camilan santai n di kerajaan

Makaroni Spiral Pedas 1 kg Makaroni Termurah Ulir dengan potongan 4%! Hanya Rp28.895. Dapatkan sekarang juga di Shopee! https://t.co/ARh5KRe8gZ

Iwan bule ini mo salah mundur",1
"Rekomendasi DRESS/KIMONO DASTER VIRAL dengan harga Rp50.000. Dapatkan di Shopee sekarang! https://t.co/uYr68YWJak

Inul Nabrak Moana Jeng Kelin Mundur https://t.co/49eO2xq8aA",1
"Rekomendasi blouse cuteğŸŒ»
ğŸ›’https://t.co/bJSHN6C2uk

Tag inul moana inzhagi mundur subuh https://t.co/Dfc3ekFJwF",1
"ğŸ¦‹ ciwi"" jangan skip ğŸ¦‹

Aku mau rekomendasiiin oneset kekinian, cek disini â¬‡ï¸
https://t.co/NMAkgwVKeh
motifnya cantik"" pool dan cocok bgt buat ootd anğŸŒ»ğŸŒ»

_____
#AngelofOctober,#JIMTOBER,Mundur,Mo Salah,#1013Blessing https://t.co/UEFXGJj5zi",1
"âœ¨Rekomendasi Blouse Gemes âœ¨

A thread

selamat datang txt Blueberry Gavi Assalamualaikum UEL Inzaghi Jeng Kelin Mundur Mo Salah JIMIN JIMIN JEON JUNGKOOK  #TXT_IN_JAKARTA https://t.co/mzMUVPM7Sx",1
"Jersey running bisa cek disiniğŸ‘‡ğŸ”¥ğŸ‘‡

https://t.co/h9DkIfAtX8

Asnawi
Barca
Mundur
Assalamualaikum UCL",1
"Thread Rekomendasi + Rate Bedak Sesuai Kulit
Berminyak
Hi everyone! Hari ini aku pengen share rekomendasi bedak padat untuk kulit berminyak
Aku punya tipe kulit kombinasi, yang kadang kering dan kadang berminyak

Source : morenzatanos
Tags : Lisa https://t.co/KQpSKiBp2z",1
"Kalian harus punya rak hanger tempel dinding seperti ini sih.
Ini rekomen banget tempat nyimpan hp, kunci kalian kalau mau tidur.

Rateâ­4.8
ğŸ”—https://t.co/yJ7JMyjca8
ğŸ”—https://t.co/CXZrgXspve
ğŸ”—https://t.co/57h8sT1W4Q
ğŸ”—https://t.co/TuiR63gKSs

Lisa yeonjun https://t.co/zlE8lIOoQU",1
"ï¿¼YIYI GIRL - Cardigan Rajut V-neck Lengan Panjang Warna Solid

Link: https://t.co/Odt4w0Xco0

 #TXT_IN_JAKARTA #HappyJiminDay #LISA #BarcaInter https://t.co/Bf4w6ZyLre",1
"Kemeja motif super gemass 
â­4.9
ã…¡89k 

ğŸ“https://t.co/tKWVZb2dX8
ğŸ“https://t.co/FszHl2FyoC
ğŸ“https://t.co/AicCGvFsLk
ğŸ“https://t.co/iGQtl4fjPJ 

JEON JUNGKOOK JIMIN JIMIN #27YearsofSerendipity #HappyBirthdayJimin #ACT_LOVESICK_JAKARTA #TXTinJakarta #HappyJiminDay #LISA https://t.co/swhPp08NV6",1
"â€¢â€¢â€¢â€¢ A THREAD SANDAL WANITA â€¢â€¢â€¢â€¢

tag: Moana Jeng kelin inul INFJ Applewood Sayangudahmakan INFP Beomgyu Nabrak Lisa Jimin TXT In Jakarta Dibuka https://t.co/G7hoBroRn4",1
"7. JY Baterai AAA A3 Alkaline Dynamax Hijau Ultra Black 1.5v Kualitas SNI - A3GM03

Bintang 4.8
Terjual 5rb
Rp. 4.000

https://t.co/fYMhfg4Yam

#ONEPIECE1063 Lisa https://t.co/bHpRPGJb09",1
"Gaizka-Tas Airela-Sling Bag Rantai dengan Penutup Kunci-Tali Rantai Selempang Ulir Wanita

ğŸ”— https://t.co/rBjMypYqKa

Izintags : Applewood Busan Betah Beongyu Mundur Thomas #STYOut Lisa JIMIN LIVE SAYANG UDAH MAKAN Inul Nabrak #DohKyungSoo #MencuriRadenSaleh #HARUTO https://t.co/tiU0lJJbpC",1
"HELP RT 
WTS ALBUM
Want To Sell Album Kill This Love Blackpink unsealed
lengkap bgt, polaroidnya rose ya
250rb bisa nego dikit jgn banyak2 krn emang masih bagus bgt dan lengkap
dom pekanbaru
wts wtb blackpink album killthislove jennie jisoo rose lisa pinkvenom shopee 15.10 25.10 https://t.co/gdViIv7ym1",1
"Inspirasi outfit
CekğŸ‘‰ https://t.co/WIxOzc0DJ0

ibul indonesia kita maju congratulations bts coach sty lisa shin tae-yong run bts jeng kelin live tiktok chaeyeon applewood prabowo erick indonesia jakarta sweater murah kiyowo racun shopee malam #Butter1B #STYOut #BadProsecutorEp3 https://t.co/LKBoleU9rR",1
"Promo Khusus Minggu Ini, Buruan Sebelum Kehabisan

link : https://t.co/IOTCWX0zxO no.6

Jeng Kelin #STYOut Lesti Nabrak Inul #ONEPIECE1063 Betah SAYANG UDAH MAKAN Dawet Shin Tae-yong Thomas Tuchel #TXT_IN_JAKARTA #HARUTO Iwan Bule Mundur Lisa Kobo https://t.co/SHSlGiiJNE",1
"Boleh deh boleh di cek duluğŸ¥°
TAS RANSEL WANITA BORDIR KANVAS 07 â¡ï¸ https://t.co/9UJPoGOxJb

RT Inul Lesti #DohKyungSoo Mencintai Jeng Kelin Pak Prabowo Lisa Betah #ApologizeTojhope Busan #BAEKHOâ€¯â€¯â€¯ Dawet Applewood Mundur Nabrak #TXTinJKT #TXT_IN_JAKARTA https://t.co/pKFDkvanbB",1
"Dress cantik untuk kondangan, lamaran, dan dateng ke wisudaâœ¨ğŸŒ¸

[A Thread]

Tags: Jeng Kelin #DohKyungSoo Lesti Shin Tae-yong nabrak Inul #BAEKHO #TXT_IN_JAKARTA Betah yeonjun Dawet Beomgyu Mencintai Lisa mundur chaeyeon Applewood https://t.co/s18zJ8MpmT",1
"Sandal gemesğŸ£âœ¨
Bahan super premium, lentur, dan empukğŸŒ¸ğŸ«°

Tags: Jeng Kelin #DohKyungSoo Lesti Shin Tae-yong nabrak Inul #BAEKHO #TXT_IN_JAKARTA Betah yeonjun Dawet Beomgyu Mencintai Lisa mundur chaeyeon Applewood https://t.co/uJW1TigCfY",1
"ğŸ’Cardigan Rajut Motif BungağŸ’
â­5.0

https://t.co/7Kd5WJZ25U

T: #TXT_IN_JAKARTA #STYOut Inul #HappyBirthdayJimin Lesti Shin Tae-yong Jeng Kelin Nabrak Betah Lisa RUN BTS WE LOVE YOU HOBI #TOMORROW_X_TOGETHER #ONEPIECE1063 yeonjun Pak Prabowo Beomgyu Kobo CONGRATULATIONS BTS https://t.co/ftTNViEIv7",1
"Dress cantik nan lucuğŸŒ¸

ğŸ”—: https://t.co/n8Fe3pUDGW
ğŸ”—: https://t.co/ARF3XNVpGA

Tags: Jeng Kelin #DohKyungSoo Lesti Shin Tae-yong nabrak Inul #BAEKHO #TXT_IN_JAKARTA Betah yeonjun Dawet Beomgyu Mencintai Lisa mundur chaeyeon Applewood https://t.co/algXxUWnbD",1
"Tas selempang pinkeu pinkeuğŸŒ¸

ğŸ”—: https://t.co/A9Sd6mpa2k

Tags: Jeng Kelin #DohKyungSoo Lesti Shin Tae-yong nabrak Inul #BAEKHO #TXT_IN_JAKARTA Betah yeonjun Dawet Beomgyu Mencintai Lisa mundur chaeyeon Applewood https://t.co/iOWoyop0ku",1
"Kemeja earth tone untuk kamu si cewek bumi ğŸŒğŸŒ¿

ğŸ”—: https://t.co/pLpjOoj82O

Tags: Jeng Kelin #DohKyungSoo Lesti Shin Tae-yong nabrak Inul #BAEKHO #TXT_IN_JAKARTA Betah yeonjun Dawet Beomgyu Mencintai Lisa mundur chaeyeon Applewood https://t.co/4hRow71nbp",1
"Dress cantik untuk kondangan, lamaran, dan dateng ke wisudaâœ¨ğŸŒ¸

[A Thread]

Tags: Lesti prank Bunda Corla #LoveInContractEp8 Siswa #NUbarNCT127 Piscok Mulus #TXTinJKT #TraineeA #LoveinTheAirEP9 Indosat SHINee Bucin Tidur #ì§„ê²€ìŠ¹ë¶€_ì•ˆë³´ë©´_í”¼ë°”ë‹¤ê°€_ë¶ˆê²ƒì´ì•¼ jeon jungkook https://t.co/Oa9Y5wW86r",1
"Kembaran sama renjun dan mark leeğŸ¥°
ğŸ”—: https://t.co/e5vkU5b9GB
ğŸ”—: https://t.co/YHPrt5KPHG
ğŸ”—: https://t.co/msumJE6KS8
ğŸ”—: https://t.co/9Qid7zLruk

Lesti Corla #LoveInContractEp8 Siswa #NUbarNCT127 Piscok Mulus #TXTinJKT #TraineeA #LoveinTheAirEP9 Indosat SHINee Bucin Tidur NCT https://t.co/VAAX8e3jdH",1
"Dress cantik nan lucuğŸŒ¸

ğŸ”—: https://t.co/n8Fe3pUDGW
ğŸ”—: https://t.co/ARF3XNVpGA

Tags: Lesti prank Bunda Corla #LoveInContractEp8 Siswa #NUbarNCT127 Piscok Mulus #TXTinJKT #TraineeA #LoveinTheAirEP9 Indosat SHINee Bucin Tidur #ì§„ê²€ìŠ¹ë¶€_ì•ˆë³´ë©´_í”¼ë°”ë‹¤ê°€_ë¶ˆê²ƒì´ì•¼ jeon jungkook https://t.co/jfiN588cZJ",1
"Tas selempang pinkeu pinkeuğŸŒ¸

ğŸ”—: https://t.co/A9Sd6mpa2k

Tags: Lesti prank Bunda Corla #LoveInContractEp8 Siswa #NUbarNCT127 Piscok Mulus #TXTinJKT #TraineeA #LoveinTheAirEP9 Indosat SHINee Bucin Tidur #ì§„ê²€ìŠ¹ë¶€_ì•ˆë³´ë©´_í”¼ë°”ë‹¤ê°€_ë¶ˆê²ƒì´ì•¼ jeon jungkook https://t.co/o2P8ls8opI",1
"Sandal gemesğŸ£âœ¨
Bahan super premium, lentur, dan empukğŸŒ¸ğŸ«°

Tags: Lesti prank Bunda Corla #LoveInContractEp8 Siswa #NUbarNCT127 Piscok Mulus #TXTinJKT #TraineeA #LoveinTheAirEP9 Indosat SHINee Bucin Tidur #ì§„ê²€ìŠ¹ë¶€_ì•ˆë³´ë©´_í”¼ë°”ë‹¤ê°€_ë¶ˆê²ƒì´ì•¼ jeon jungkook https://t.co/iiSJeG3w3W",1
"Kemeja earth tone untuk kamu si cewek bumi ğŸŒğŸŒ¿

ğŸ”—: https://t.co/pLpjOoj82O

Tags: Lesti prank Bunda Corla #LoveInContractEp8 Siswa #NUbarNCT127 Piscok Mulus #TXTinJKT #TraineeA #LoveinTheAirEP9 Indosat SHINee Bucin Tidur #ì§„ê²€ìŠ¹ë¶€_ì•ˆë³´ë©´_í”¼ë°”ë‹¤ê°€_ë¶ˆê²ƒì´ì•¼ jeon jungkook https://t.co/GJPBQNtVS8",1
"Thread Parfum yang cocok untuk para Moms &amp;
Wifey
https://t.co/Hkn9yzvAQG
salah satu parfum best seller dari Guerlain ""Mon
Guerlain sampe punya beberapa versi dan wanginya beda-beda
kalau Mon Guerlain ini wanginya very soft, powdery, 
Source : Cinthia Sanusi
Tags : Lesti https://t.co/JrlCNHRoPm",1
"Outfit kemeja

ğŸ”—https://t.co/RYS6MrfhIP

Lesti Billal bikin kita semua jadi TOLOL https://t.co/fxUu2DvcIX",1
"cek promo jas hujan AXIO  https://t.co/Wzkag6ieHM

#Lesti #Mulus",1
"TASAN BATIK WANITA BLOUSE BATIK PEPLUM MOTIF MANGGAR BATIK KEENAN

https://t.co/e7d6Tu4wAQ
https://t.co/e7d6Tu4wAQ

Bunda Corla Prank Lesti #KYUNGSOO Toothless Mulus Reply 1988 #TXTinJKT #TXTHatiHatiDiJalan #kpop #shopeeid #AMAs  #KYUNGSOO #NUbarNCT127 https://t.co/Hc0YjmO7Jg",1
"Printer Epson L3210 All In One - Print Scan Copy Pengganti Epson L3110 Printer Eco Tank Printer Multifungsi Printer Scanner Printer Print F4 Printer InkJet

Rp2.299.000

https://t.co/pBPOAW9xco

#racunshopee lesti bambang tri mulyono #NoBraDay malam jumat toothless siswa https://t.co/1HivGlMhuG",1
"""WAJIB BELI INI""
Cardigan Outer Scraf Batik Wanita

https://t.co/LfSnyrpc7Z
https://t.co/LfSnyrpc7Z

Bunda Corla Prank Lesti #KYUNGSOO Toothless Mulus Reply 1988 #TXTinJKT #TXTHatiHatiDiJalan #kpop #shopeeid #AMAs  #KYUNGSOO #ACTLOVESICKinJKT https://t.co/O1tLd48k3a",1
"Selamat Pagi Bone Bolango,
Jika kamu bisa melakukan apa saja saat ini, apa yang akan kamu lakukan?

Buat rekening virtual gratis biaya transfer, dapat cashback  transfer sesama neo. Masukan Kode Referral : HA4YK2

Lesti https://t.co/1DB2QZhr6V",1
"Jasa Tembak Paket Three Murah Meriah

25GB Cuma 25rb
100GB 90rb
Full 24Jam 30Hari, Tidak Ada Pembagian.

Mending Three daripada Indosat ğŸ¤ª

#Indosat #Lesti #Billar #MUFC #Degea #malamjumat https://t.co/1xGfO6JDBL",1
"Selamat Pagi Aceh Tenggara,
Suara apa yang paling kamu suka?

Cari cuan lewat neo bank digital. Masukan Kode Referral : HA4YK2

Lesti https://t.co/8v0E8jHy7k",1
@kegblgnunfaedh Para netizen diharap tenang tenang... Apapun permasalahan kehidupan Lesti.. Nyuci pakaiannya teteup harus pake ini ğŸ˜ https://t.co/Y7cfhGHi85,1
"Kalau masih dak jelas, bisa kesini
ğŸ‘‰ğŸ‘‰ğŸ‘‰ https://t.co/CFuW0I72CT

_____
Brimo JINNY RAP STAR Lesti jeon jungkook Piscok https://t.co/sflZeGqb91",1
"Coba cek ini, deh: ""Tenda Barraca Pack 120""  di toko Arjuno2ndHand Tokopedia. Bisa bebas ongkir, lho.
https://t.co/IKZButfy22
#Lesti #Siswa #Eriksen
 #Piscok #Indonesia #Toothless https://t.co/yHlkEgzwTk",1
"Coba cek ini, deh: ""Tenda Outdoor AOTU AT-6503 ~ camping ~ outdoor""  di toko Arjuno2ndHand Tokopedia. Bisa bebas ongkir, lho.
https://t.co/VlpJTps1od
#Lesti #Siswa #Eriksen
 #Piscok #Indonesia #Toothless https://t.co/FDXfvIQE2E",1
"Coba cek ini, deh: ""Carrier Gunung Consina Alpinist 70+5 Liter""  di toko Arjuno2ndHand Tokopedia. Bisa bebas ongkir, lho.
https://t.co/50Nr3aqhO9
#Lesti #Siswa #Eriksen
 #Piscok #Indonesia #Toothless https://t.co/9Z9ne82LrT",1
"Selamat Pagi Tenggara Timur (NTT) ,
Jika kamu punya toko, barang apa yang akan kamu jual?

Kode Referral Neo Bank : HA4YK2

Lesti https://t.co/Xv0ojDHTet",1
"Jeon jungkook, lesti, indosat, mulus, reply 1988

Kaos rib cakep cakep
https://t.co/68CReg9DZH

#JIMINDAY
#AMAs
#KEP1ER_DISBAND 
#LoveinTheAirEP9 https://t.co/Ygf0TTFCoi",1
"Selamat Pagi Pandeglang ,
Jika hewan bisa bicara, apa yang akan kamu tanyakan pada mereka?

Butuh Kode Referral Neo bank? Gunakan kode : HA4YK2

Lesti https://t.co/J5uiDF7NPt",1
"Selamat Pagi Kepulauan Yapen,
Jika kamu punya toko, barang apa yang akan kamu jual?

Transfer uang dapat cashback download neo bank. Masukan Kode Referral : HA4YK2

Lesti https://t.co/M1xc3PFfMo",1
"Selamat Pagi Bitung ,
Apakah kamu banyak tertawa atau tersenyum hari ini?

Download SeaBank masukan kode Referral : FBDBCA
dapat Hadiah tunai Rp 15rb

Lesti",1
"Selamat Pagi Purbalingga ,
Karakter dalam film atau buku apa yang paling membuat kamu tertawa?

Kode Referral Neo Bank : HA4YK2

Lesti https://t.co/fanJWbpN9l",1
"Selamat Pagi Jambi ,
Gunakan 4 menit dan katakan padaku tentang cerita hidupmu sedetail mungkin!

Rebahan dapat duit lewat Neo bank masukan kode HA4YK2

Lesti https://t.co/07Hy45aM2q",1
"GASKAN GASKAN TUNGGU APA LAGI BOS? #IDRSLOTO NICH SENGGOL DONK https://t.co/1xu5Ab30g2
Lesti Billar Malam Jumat Siswa Toothless Piscok #KEP1ERDISBAND Gavi #KalianPantasMati #NoBraDay #SheHulk #AniesGabenerPembohong #AMAs https://t.co/lQZwKJT8nR",1
"Selamat Pagi Jawa Tengah (JATENG),
Karakter dalam film atau buku apa yang paling membuat kamu tertawa?

Kode Referral Neo Bank : HA4YK2

Lesti https://t.co/StNB3BdYzr",1
"@sellkpopfess Yuk nder kun nya murce2 nihh dom jakarta
https://t.co/LBYnhbomwE",1
"Selamat Pagi Sawahlunto ,
Apakah kamu punya firasat rahasia tentang bagaimana kamu akan meninggal?

Kode Referral Shopee : ISIPU223

Lesti",1
"Selamat Pagi Tulang Bawang,
Apa yang membuatmu merasa bersyukur?

Buat rekening virtual gratis biaya transfer, dapat cashback  transfer sesama neo. Masukan Kode Referral : HA4YK2

Lesti https://t.co/94PGmY4rWl",1
"SALSA Hans Jebb Gel Skin Cleanser Scrub Eksfoliasi, solusi untuk Penghilang Daki, Ketiak Hitam, dan Kulit Kusam.
Link pembeliannya â¤µï¸
https://t.co/1vmeQEkKAc

Bambang Tri Mulyono Lesti Aerox Prank Siswa Piscok Maljum Malam Jumat Vanessa Gempi Ibul #KalianPantasMati #NoBraDay https://t.co/XtXzOBfAFk",1
"Topi keramas dengan kancing
LinkğŸ‘‰ https://t.co/lP6cY4qJsZ

.

Lesti JEON JUNGKOOK #AMAs Aerox Toothless #KEP1ERDISBAND Bambang Tri Mulyono #NoBraDay Piscok Malam Jumat jeonghan Siswa RCTI Prank Reply 1988 Gempi Maljum Vanessa iPhone Hyunsuk #LESSERAFIM_ANTIFRAGILE SHINee chaewon https://t.co/2auHDj4qNp",1
"Gamis Brukat Terbaru Gamis Brukat Lebaran kondangan Seragaman
 Ã¢Â­Â5
 https://t.co/yWd5iGInJX
 curacao ariel ciuman deadpool 3 https://t.co/QB168U6EpQ;;;;",1
"HANUM DRESS MODEL TERBARU
 Ã¢Â­Â5
 https://t.co/dCOg9QPFUE
 curacao ariel ciuman deadpool 3 https://t.co/H1rpYBflGU;;;;",1
"GAMIS NIDIA FULL KANCING BUSUI BUMIL DRESS MOSCREPE BAJU GAMIS TERBARU 2022
 Ã¢Â­Â4.6
 https://t.co/DwYl0ijHAo
 curacao ariel ciuman deadpool 3 https://t.co/Uov2BThXsR;;;;",1
"INER SPAN BUSUI/NON BUSUI SIZE S M L XL XXL
 Ã¢Â­Â4.6
 https://t.co/dMmm0IVrZd
 curacao ariel ciuman deadpool 3 https://t.co/OIQID2NDwL;;;;",1
"OPEN JASA DESAIN LOGO!!
 
 Ingin membuat brand, merk atau identitas produk Anda semakin menarik dan mudah di ingat? Tentunya, dengan Logo yang simpel dan keren!
 
 TAG!
 Witan IPHONE 13 DARI SHOPEE Portugal Puan Morningg Curacao Pegang NCT DREAM IS COMING #JISPHORIAPENIPU #SaldoKaget https://t.co/ztyB3sF9av;;;;",1
"WTS 2 tiket green b maniac tour in jakarta Day 2
- ditukerin sampe tiket fisik yaa karna aku juga nonton Day 2 
- dm for price
. 
. 
. 
#MANIAC_SKZ 
#maniacinjakarta 
#MANIACinJKT 
#greenb 
#day2
#straykidsâ€¯â€¯â€¯
#WTS https://t.co/fDskXpwGRN",1
"Ã¢Å“Â¨Converse Diskon Up to 70%Ã¢Å“Â¨
 
 1. https://t.co/nYgzalz6DO
 2. https://t.co/1ybp8VhFTw
 3. https://t.co/zcZuj4Fwvm
 4. https://t.co/0kIDAkHcEd
 5. https://t.co/488hc7vEke
 6. https://t.co/evFwBxXXnB
 
 Toko https://t.co/106Y5EcNkE
 
 Tags: Pagi-pagi #WelcomeBackChanyeol Curacao Warga Tidur https://t.co/GYXQkCMAua;;;;",1
"Save dulu Ã°Å¸ËœÂ inspirasi OOTD dengan kemeja, cocok banget buat maba"" Yang bentar lagi ngampus Ã°Å¸Â¥Â° harganya cuma 60 ribuan Ã°Å¸ËœÂ
 https://t.co/811oA842WS
 
 _____
 Ariel|HAVE A SAFE FLIGHT YOONGI|tulus utamakan rakyat|Kevin|IPHONE 13 DARI SHOPEE https://t.co/4M7qrbi5YL;;;;",1
"HANUM DRES - KATUN RAYON - BISA COD
 Ã¢Â­Â4.8 
 https://t.co/ADGWk8t5Lv
 pegang curacao ariel iphone 13 dari Shopee https://t.co/AUFwJfDrWG;;;;",1
"Letsmuslimah Cewek Muslim Hijab Syari Muslimah 2022 Terbaru
 Ã¢Â­Â5
 https://t.co/DjXtPHMDfE
 pegang curacao ariel iphone 13 dari Shopee https://t.co/JdcdQQm4uA;;;;",1
"Gamis Kaima Rinjani Kancing Rempel Busui Friendly
 Ã¢Â­Â4.8 
 https://t.co/K6fsillRzi
 pegang curacao ariel iphone 13 dari Shopee https://t.co/uEwUJP3QZ3;;;;",1
"Alma Dress | Size S M L XL XXL | Gamis Terbaru Gamis Jumbo Matt Syakila
 Ã¢Â­Â4.6
 https://t.co/1VWGONECB5
 pegang curacao ariel iphone 13 dari Shopee https://t.co/dWO7nfdkNg;;;;",1
"Aerostreet Massive Low Hitam - Sneaker Casual
 Diskon 50Ã°Å¸â€Â¥
 Official Store Ã¢Å“â€¦
 Ã¢Â¬â€¡Ã¯Â¸ÂÃ¢Â¬â€¡Ã¯Â¸ÂÃ¢Â¬â€¡Ã¯Â¸Â
 https://t.co/x5vALvUSUO
 
 Rabu Bangun Jendral Hugh Portugal Pedri Bahrain Tidur Pegang Curacao https://t.co/sj497J3eZV;;;;",1
"Akrilik storage
 
 Ã°Å¸â€™Â® https://t.co/MH3n0YIR9Q
 
 #jisphoriapenipu #WelcomeBackChanyeol #ROSEBrilleEnSaintLaurent #LESSERAFIM_ANTIFRAGILE Curacao iphone 13 dari shopee nct dream is coming special dj taehyung min yoongi #SaldoKaget https://t.co/nRw9IkLQKo;;;;",1
"Promo Pekan ini Tanah Kebun 1000m2 Free SHM,bisa beli minimal 200m2,harga 590rb/m2,bangun rumah,bonus pohon pisang cavendish,akses masuk mobil,jalan di cor dan pinggir jalan kabupaten,legalitas clean n clear
 
 #Portugal #Curacao #TimnasDay https://t.co/pa9bbhJXDE;;;;",1
"PENCAPIT GORENG STAINLESS Ã¢Å“Â¨
 
 Ã°Å¸â€ºÂÃ¯Â¸Â https://t.co/y0aSGI1zWI
 
 Tags Ã¢â‚¬Â¢ Ronaldo Curacao Pegang Iwan Bule Cristiano Birmingham Portugal #TheGoldenSpoon #SANGE_AAAAAAAAA https://t.co/4sGhpByFVT;;;;",1
"Cek Paris Premium Voal // Paris Premium // Segi Empat Paris Polos dengan harga Rp17.999 - Rp18.900. Dapatkan di Shopee sekarang! https://t.co/a13DecsZoL
 curacao https://t.co/uRlw2F8hNf;;;;",1
"Biar pintu rumah aman dulu hihi
 Link Shopee Ã°Å¸â€˜â€° https://t.co/R9HVjKqHjZ
 
 Curacao Iwan Bule Pegang Ariel IPHONE 13 DARI SHOPEE Birmingham Merem Morn Asia Pedri Portugal NCT DREAM IS COMING LADY JISOO WITH DIOR Bahrain Muhammad Umar Kebangun Selena #JISPHORIAPENIPU #TimnasDay https://t.co/yGaXdZDuNt;;;;",1
"Mesin Cuci Portable 
 Ã°Å¸â€™Â¡https://t.co/ln5ZaB827x
 
 #WelcomeBackChanyeol #Ã¬Â°Â¬Ã¬â€”Â´Ã¬â€¢â€_Ã¬ â€Ã¬â€”Â­Ã¬Â¶â€¢Ã­â€¢ËœÃ­â€¢Â´_Ã«Â³Â´ÃªÂ³ Ã¬â€¹Â¶Ã¬â€”Ë†Ã¬â€“Â´ #OurStarlightJEONGWOO #Ã¬â€”Â´Ã¬â€¢â€Ã­â„¢â€°_Ã¬ â€¢Ã¬Å¡Â°Ã¬Æ’ÂÃ¬ÂÂ¼_Ã¬Â¼â‚¬Ã¬ÂÂ´Ã­ÂÂ¬Ã¬â„¢â‚¬ÃªÂµÂ¬Ã¬â„¢â‚¬ÃªÂµÂ¬ #Ã£â€šÂ¸Ã£Æ’Â§Ã£Æ’Â³Ã£â€šÂ¦Ã£ÂÂ¯Ã§Â§ÂÃ£ÂÅ¸Ã£ÂÂ¡Ã£ÂÂ®Ã£Æ’â„¢Ã£Æ’â€ Ã£Æ’Â«Ã£â€šÂ®Ã£â€šÂ¦Ã£â€šÂ¹ Curacao Witan IPHONE 13 DARI SHOPEE Pegang SPECIAL DJ TAEHYUNG LADY JISOO WITH DIOR https://t.co/11CXjESpKh;;;;",1
"ide outfit cowo curacao witan min yoongi kevin dinginan curacao pegang ciuman jungkook special dj taehyung 
 
 a thread 
 
 1.https://t.co/p1L2D71V44
 2.https://t.co/phaFPjG5nV
 3.https://t.co/3b5whBc4fs
 4.https://t.co/lX7w3oewsc
 5.https://t.co/DhmVIMEgxe
 6.https://t.co/rKyXHBZeip https://t.co/XRJvZIDz7l;;;;",1
"Selamat Pagi Gorontalo Utara,
 Suara apa yang paling kamu suka?
 
 Gratis 25rb daftar Bibit masukan Kode Referral : bonusdaftar
 
 Curacao https://t.co/wp8iTrhjxw;;;;",1
"Sarung sepatu anti kotor
 Link https://t.co/lbOyktY7uH
 
 .
 
 Ciuman Argentina Elkan Curacao Pegang #JISPHORIAPENIPU Klok SPECIAL DJ TAEHYUNG #EVENTORIPENIPU MBTI #KimTaehYung Dimas Drajad IPHONE 13 DARI SHOPEE #SaldoKaget Pakansari Sehun #WelcomeBackChanyeol Dinginan Juninho Bacuna https://t.co/gSRjOj8k7p;;;;",1
"OPEN JASA DESAIN LOGO Ã°Å¸â€Â¥
 
 Menerima pesanan pembuatan logo yang keren, unik, modern, kreatif dan profesional. 
 
 Kunjungi profil untuk mendapatkan informasi lainnya.
 
 Trend!
 Putusin Ciuman Neck Deep Pegang Curacao Klok Ariel IPHONE 13 DARI SHOPEE https://t.co/jzx5AkJ0E9;;;;",1
"Fruit Sandwich
 
 Sandwich buah dengan lapisan krim yang manis dan harum.
 Mood Booster banget sih ini tampilannya cantik banget.
 Rekomendasi Toko Fruit Sandwich termurah &amp; terlezat
 Ã°Å¸â€â€”https://t.co/WHbzeEFcvn
 
 _____
 WE HAVE SHINDONG|Ariel|Cak Jin|Baru 2|DOANG https://t.co/xeZvsLAJQZ;;;;",1
"ARUMI SET
 
 BAHAN CRINKEL
 
 LD : 115 CM
 
 https://t.co/cNIdcyapQc
 
 #Ciuman #JISOOxDiorPFW #BrandNew #Pegang IPHONE 13 DARI SHOPEE #ariel #DiorSS23 https://t.co/eqBXlqbuLO;;;;",1
"Catokan mini cuma 22rb Ã°Å¸â€Â¥
 https://t.co/7ESmmjGhBX
 
 #ShopeePayTHR #WelcomebackCHANYEOL #NCTDREAM #HouseOfTheDragon curacao Special dj taehyung Starry night with v Iphone 13 dari shopee Angel baby Pegang MBTI Elsa Ariel Ã¢Å“Â¨ https://t.co/f8g6eT0qj4;;;;",1
"Wah canggih, gak perlu repot naik pohon haha
 Link Shopee Ã°Å¸â€˜â€° https://t.co/YuHndP5X2e
 
 Juninho Bacuna Ciuman Saddil Witan IPHONE 13 DARI SHOPEE Pegang Klok Dimas Drajad Ariel STNK Supra Pakansari Neck Deep Argentina Putusin Shin Tae Yong Elsa #SaldoKaget #FIFAMatchday #TimnasDay https://t.co/7ULdBXDfaE;;;;",1
@LukyErdiand @idextratime Curacao tarkam banget anjing,1
"Rekomendasi outfit hitam
 
 A thread
 Tag : #BrightestStarHenderyDay #MidnightOnyx selena yoongi marry me IPHONE 13 DARI SHOPEE #JISOOxDiorPFW Curacao Jiminie #Ã­â€”Â¨Ã«â€œÅ“Ã«Â¦Â¬_Ã¬â„¢â€¢Ã¬Å¾ÂÃ«â€¹Ëœ_Ã¬Æ’ÂÃ¬ÂÂ¼Ã¬Ââ€_ÃªÂ°ÂÃ¬Â¶â€¢Ã«â€œÅ“Ã«Â¦Â¬Ã¬ËœÂµÃ«â€¹Ë†Ã«â€¹Â¤ Pegang STARRY https://t.co/qwfC4BrWBQ;;;;",1
"Rekomendasi celana &amp; rok hitam
 
 A thread
 Tag : #kameraday dufan IPHONE 13 DARI SHOPEE THE BOYZ Heardle Dudung ROCKIN THE PARTY #CandyÃ Â¸ÂÃ Â¸Â¥Ã Â¸Â±Ã Â¸Å¸Ã Â¸Â«Ã Â¸Â¢Ã Â¸Â´Ã Â¹Ë†Ã Â¸â„¢Ã Â¸ÂÃ Â¸Â´Ã Â¸â„¢Ã Â¸Â¢Ã Â¸Â±Ã Â¸Å¡ LADY JISOO WITH DIOR Indonesia 3-1 Curacao Indonesia 2-1 Curacao https://t.co/TRrbD5EDgO;;;;",1
"Ã¢Å“Â¨Rekomendasi Outer TransparanÃ¢Å“Â¨
 
 Ã¢Â¬â€¡ A Thread Ã¢Â¬â€¡ https://t.co/QPCFjRUNnZ",1
"Corset dress kondangan Ã°Å¸Â¤Â
 
 ghana anya forensik love shoot rans entertainment kelebihan provokator kaskus hyunbin never goodbye rafi ahmad enchanted dots renjun ningning bulu malam bighit irene nikahan undangan ootd outfit resepsi https://t.co/vGd3PBUwOC",1
"5 Rekomendasi Tayangan Korea yang Bakal Tayang Bulan Desember 2022, Ada Kelanjutan MONEY HEIST: KOREA Hingga ALCHEMY OF SOULS https://t.co/uzEsuKFh2F",1
"Hellaur, Aru! Aku lagi suka CSM, JJK sama Tokrev doang nih. Ada rekomendasi anime yang HARUS BANGET DILIHAT SEKALI SEUMUR HIDUP gak? https://t.co/YPikKCYYrB",1
"12 Film Jepang Rekomendasi Romantis dengan Cerita Ringan, Jadi Penghibur Kalian yang Lagi Jatuh Cinta https://t.co/25xIEZcLgd",1
"Ã¢Å“Â¨ Rekomendasi Parfum Ã¢Å“Â¨
 
 - a thread - https://t.co/pSjWIPB2wx",1
Sebanyak 26 rekomendasi dengan empat kategori kebijakan. https://t.co/0b8LXxW6Ac,1
@anya_forgett @tanyarlfes ha? gmn2?,1
@milobestboy @enhyou main kemanah maniez,1
"@kdrama_menfess dots sih,big boss smpe skrg blm tergantikan awkwk. suka bgt jga sjk di arthdal chronicles beda gtuloh",1
@convomf Anya forsaken yg bener,1
Anya forensik anak mna lagii?Ã°Å¸ËœÂ­ https://t.co/KPzFoouZWO,1
@nihilisrm LUCU BGT?,1
anya forensik dikira ngecekin mayat sama bikin visum Ã°Å¸ËœÂ­ https://t.co/frL3FKX1S4,1
@Realguudd kasih pahamm mas,1
@iMlNJl ini kah anya forensik?? https://t.co/fMbllpt24i,1
@convomf klo kata keponakanku namanya anya fagerÃ°Å¸ËœÂ­ https://t.co/HtNXzEPrpe,1
Best Seller 10 Rekomendasi Sandal Pria Terbaik yang Modis #rekomendasisandalterbaik #stexel #hexpreme https://t.co/tyOI3g0iSC bisa COD #COD &gt,1
"bacaanku buat sekarang cuma timun-pakdos, richarles-abibi, lingga-dami... semuanya slow update Ã°Å¸ËœÂ«
 
 ada rekomendasi AU gak moots? Ã°Å¸Â¥Âº",1
"wta , tutor canva gampang engga ya? rekomendasi tutor yang gampang selain spotify #zonauang",1
WKWK ANYA FORENSIK APA ANJIRTÃ°Å¸ËœÂ­Ã°Å¸ËœÂ­,1
"Atasan Batik
 
 malam rafi ahmad rans Entertainment anya forensik love shot ghana suga heejayke perfect harmony kelebihan on a ride senin bye bye never goodbye k-pop korea irene chanyeol yeri dean dots bulu cendol fisik tempur jeno joon https://t.co/YKQAZdipJ2",1
"""Atasan Batik
 
 malam rafi ahmad rans Entertainment anya forensik love shot ghana suga heejayke perfect harmony kelebihan on a ride senin bye bye never goodbye k-pop korea irene chanyeol yeri dean dots bulu cendol fisik tempur jeno joon https://t.co/YKQAZdipJ2""",1
"Tote Bag Kanvas Cantik
 
 senin sore namjoon beli Odol di shopee-ku buat rafi ahmad Petualangan Sherina 2 Serbia ANYA FORENSIK Vincent Aboubakar BYE BYE Love Shot Kaskus CendolGigi DOTS Enchanted Rans Entertainment SUGA ghana Never Goodbye HEEJAYKE PERFECT HARMONY https://t.co/U4qXLsOz1Y",1
"Tank Top super nyaman
 
 senin sore namjoon beli Odol di shopee-ku buat rafi ahmad Petualangan Sherina 2 Serbia ANYA FORENSIK Vincent Aboubakar BYE BYE Love Shot Kaskus CendolGigi DOTS Enchanted Rans Entertainment SUGA ghana Never Goodbye HEEJAYKE PERFECT HARMONY https://t.co/JaFamCZb6w",1
Harga Murah di https://t.co/RpyPq6bTxs â–º Toko Komputer Online â—„ #Indonesia #Jakarta #Komputer MENJUAL â–  Tinta Printer Epson,1
"Haloo kakak, adik, om, tante, abang, none semuanya ...
 
 Yg lg butuh sepatu original second berkualitas, yuk cek koleksi kami di :
 
 Shopee
 https://t.co/KPTA36du3f
 
 Ã°Å¸â„¢Â Thx &amp; Happy Shopping Ã°Å¸â€ºâ€™
 
 Rans Entertainment Jenderal Andika Perkasa ANYA FORENSIK #IbukotaBaruMendunia",1
"Mumpung masih hangat winratenya...
jangan sampai ketinggalan untuk bisa merasakan WD...
jgn terpaku dgn 1 game aja liat RTP nya jg
tuh link nya bang
https://t.co/YRJxiIDc7c

Salam scatter semua ğŸ’¸ğŸ’¸ğŸ’¸

#amanjudi #bocoranslot #Lesti https://t.co/reKbh7IvAI",1
"Hayukkk saksikan TEAM sepak bola terbaik kalian dalam LIGA Eropa UEFA malam ini! Dipersembahkan #IDRSLOTO 
Real Betis vs AS Roma
PUKUL 23.45 - SELESAI 
link : https://t.co/lJWFWF8tQN 
Lesti Malam Jumat Piscok #NoBraDay Toothless Wanda Hamidah #KalianPantasMati Billar Gavi https://t.co/sx6tidaU6z",1
"#Vanessa yuk tambah skill dibidang lain. Kursus #menjahit #private lihat disini ya: https://t.co/nkWJmVljwS
#VANESSA 
#NoBraDay2022 #prank #Lesti #Billar #KalianPantasMati",1
"ğŸŒµJasa Desain by @henlosaalğŸŒµ

Ilustrasi 
Logo
Maskot
Banner
CV
Twibbon
Mockup
Kemasan
Undangan
Manipulasi Photoshop (retouch, ganti background, DLL

WA klik: https://t.co/rtIGzSSZAf

Tag: shopee sang ah malaysia u17 chen BESOK SENIN hyorin #littewomen markus tifa wasit malaysia https://t.co/wDIXBr2rhh",1
"Langsung di coba saja bang jika penasaran dengan slot gacornya   :) 

Link Alternatif : https://t.co/lVfvPtDQPi

#bintangemon #Ronaldo #Gempa #bimasakti #BesokSenin #togelonline #slotgacor #JudiOnline https://t.co/FIcZHpDGPZ",1
"Buat kamu yang lagi nyari situs slot gacor terbaik dengan permainan terlengkap, kuy langsung aja daftar di #SEJAGADSLOT88 lewat link di bawah ini ya.
https://t.co/xBFpwrOVIW Ronaldo Antony Casemiro bintang emon #MUFC Malaysia Martial Mo Salah Markus Nunez Gempa Kerasa Besok Senin https://t.co/hELMmYeYxh",1
"Yuk Buruan Daftarkan Akun Anda Disitus #KARTUREJEKI88 Ingin Mendapatkan Bonus Yang Sudah Di Tentukan karturejeki88

Link Daftar :https://t.co/1RPX1OUI3p

Gempa Ronaldo Kerasa Markus #idrsloto #sejagadslot88 #BesokSenin Minggu https://t.co/YYgI6l9O2l",1
"Sultan 10M Datang lagi 
Cek caranya https://t.co/kmLWDIvh11

Taq Hamil ODGJ Iqbal #BandungInLove #ShopeeID BMKG Karina Tangerang Vagabond Gempa U-17 Bima Sakti Kuntilanak Besok  Senin  Malaysia https://t.co/nUPTTWUyoE",1
"@jajanbhlabels Halo Ka, kita open ya. Dom Jakarta dari Weverse ya. Random ğŸ’° 280k est 400gr Set ğŸ’° 555k est 800gr Sudah inc. EMS, Tax &amp; Packing. Detailsnya ada disini ya ğŸ’— https://t.co/EeMXraQOB7",1
"besok senin nih guys yang butuh jasa:
1. Joki TOEFL
2. Joki tes TPA
3. Ujian bahasa inggris
4. Menurunkan plagiasi / parafrase
5. Translate eng to indo (sebaliknya)
Team kami toeflnya 500+ semua, dm ajayaa ğŸ¤— #zonauang",1
"Result nomor pasaran Hongkong hari ini adalah
1st Prize : 6719
Shio : Monyet 
Anda JP kami puas!!
#8Togel #TogelHongkong #BesokSenin",1
"Bolu / soft cake terenak di toko retail Ã°Å¸Â¤Å½Ã°Å¸ËœÂ
 
 Kraft Keju Cake Bolu Keju 16 gr [1 Box Isi 12 pcs] Rp24.500
 https://t.co/pWHCvgzFeb
 
 #barugajian Anya Forensik Rafi Ahmad https://t.co/YFTOnw0eBO",1
"Diskon 400ribu nih Ã°Å¸Â§Å¡Ã°Å¸â€™Å¾
 
 Infinix Hot 12 Play 4/64 GB (RAM 4GB + 3GB Extend) Garansi Resmi - 4/64 Promo Rp1.396.000
 https://t.co/hVD1Eksl8g
 
 Anya Forensik Rafi Ahmad Rans Entertainment https://t.co/xxm6xNv2Wa",1
"[6] Kebaya Couple Putri Cream by Izara Batik
 
 Ã°Å¸â€™Â° Rp 49.900 - Rp 315.250
 Link : https://t.co/INOhCohdKj https://t.co/MyrDlVqFee",1
"(MSB) ONE SET REVY LONG TUNIK ROK WANITA SET MOSCREPE 
 
 Ã¢Â­Â : 4,5
 Cek Diskon : https://t.co/1SfmpRgOkb https://t.co/ifbdazn4rc",1
"Madonna Dress 
 
 Ã¢Â­Â : 5,0
 Cek Diskon : https://t.co/Qa8y7oXTjt https://t.co/5FWHW4fcPR",1
"MONALICA ROK SKIRT 
 
 Ã¢Â­Â : 4,8
 Cek Diskon : https://t.co/0inDKgfi75 https://t.co/g6B4HXnJ9S",1
"HARA LONG TUNIC 
 
 Ã¢Â­Â : 4,9
 Cek Diskon : https://t.co/I1321KRA8I https://t.co/YZIvhzzfnO",1
"Ã°Å¸â€˜â€“ Rekomendasi Celana Denim Pria Ã°Å¸â€˜â€“
 
 - A Thread - https://t.co/fzL6YBYNT3",1
"GUYS! Aku mau rekomendasiin blouse yg beneran baguss!! Bahannya crinkle tp nyaman &amp; halus dipake guys! Serius! Apalagi mumpung diskon tinggal 48k doangÃ°Å¸ËœÂ±klo mau tau klik link dibawah ya!
 
 Rate: 10/10Ã¢Å“Â¨
 Ã°Å¸â€â€”https://t.co/wB2XSH5cya
 
 Tags: Raffi Ahmad ANYA FORENSIK Love Shot https://t.co/iHoOni4wRf",1
"Rekomendasi hadiah wisuda untuk orang tersayang Ã°Å¸â€™â€¢
 
 a thread Ã¢Å“Â¨Ã¯Â¸Â https://t.co/ikOonYjbbI",1
"Rekomendasin ootd kondangan nathalie tulle dotty setÃ°Å¸ËœÂmasyaallah bagus banget bahannya adem suka dehÃ°Å¸Â¤Â©spill outfitnya disiniÃ¢Â¬â€¡Ã¯Â¸ÂÃ¢Â¬â€¡Ã¯Â¸Â
 Ã°Å¸â€“â€¡https://t.co/Ibvoqirjkh
 Ã°Å¸â€“â€¡https://t.co/Ibvoqirjkh
 
 #ootdhijab #dresskondangan #outfitinspiration #Ã Â¸Å¡Ã Â¸Â±Ã Â¸Â§Ã Â¸Å“Ã Â¸Â±Ã Â¸â„¢Ã Â¸Å¸Ã Â¸Â±Ã Â¸â„¢Ã Â¸Â¢Ã Â¸Â±Ã Â¸Å¡ #FYP https://t.co/MoNTAbEyaA",1
"Ã°Å¸â€â€” Rekomendasi Jaket Parasut Ã°Å¸â€â€”
 
 Jaket keren yang ga hanya membuatmu tambah hangat, tapi juga tambah cool.
 
 A Thread Ã¢Â¤ÂµÃ¯Â¸Â https://t.co/DQaYpPEG0C",1
"Ã¢Å“Â¨Racun ShopeeÃ¢Å“Â¨
 
 Rekomendasi jam tangan kayu Lokal BrandÃ¢Å“Â¨
 
 1 : https://t.co/SJika71ijG
 2 : https://t.co/56ELgAcuwx
 3 : https://t.co/n7paxUdyeg
 4 : https://t.co/DHBU8IweXA
 Ã¢â‚¬â€
 Rans entertainment #RedVelvetBirthdayParty yeri 2023 mama awards rafi ahmad gigi love shot anya kookie up https://t.co/ZC5eBfnftD",1
"Rekomendasi Ssneakers keren dengan harga AfrodableÃ¢Å“Â¨
 #RacunTokped
 
 A Thread...",1
"Cermin Putar Kayu 
 
 Rating : 4,9
 Ã°Å¸â€™Âµ : https://t.co/WvjU5SpXKC https://t.co/b7jPsxZ9jt",1
"Meja Sudut Minimalis 
 
 Rating : 4,8
 Ã°Å¸â€™Âµ : https://t.co/mn7uPwPXuS https://t.co/fixMIpk2Xy",1
"Rak Susun Serbaguna 
 
 Rating : 4,8
 Ã°Å¸â€™Âµ : https://t.co/UkHV9ow4uL https://t.co/OxGYsNLINb",1
"Gorden Minimalis Motif Premium Montero 
 
 Rating : 4,8
 Ã°Å¸â€™Âµ : https://t.co/3i7y9ioUoz https://t.co/rVHn6DHj8a",1
"Lemari Rak Buku Serbaguna 
 
 Rating : 4,7
 Ã°Å¸â€™Âµ : https://t.co/Y0XLKykZAz https://t.co/WnWQFpiXcb",1
"Meja Belajar Meja Kerja 
 
 Rating : 4,7
 Ã°Å¸â€™Âµ : https://t.co/0F4jDQbnfv https://t.co/PEMQJSLBE6",1
"Karpet Bulu Rasfur Premium Tebal 5,5cm (160 X 100) 
 
 Rating : 4,7
 Ã°Å¸â€™Âµ : https://t.co/BuKFKNRw2p https://t.co/z1nkmyVm5V",1
"Ambalan Dinding Minimalis 
 
 Rating : 4,6
 Ã°Å¸â€™Âµ : https://t.co/pcgLS7B0g2 https://t.co/5KpyM93cId",1
"Stand Hanger Baju Gantungan 
 
 Rating : 4,8
 Ã°Å¸â€™Âµ : https://t.co/jhpHZsMl2Q https://t.co/uHYsQrRE2a",1
"Lemari Kamar Tidur 
 
 Rating : 4,8
 Ã°Å¸â€™Âµ : https://t.co/R58zZLzEKl https://t.co/Y2JkTaFLFW",1
"Mini Proyektor Portable 
 
 Rating : 4,7
 Ã°Å¸â€™Âµ : https://t.co/PejOdG1CI7 https://t.co/67BvfyLUc9",1
"Inspirasi Kamar simple low budget
 
 Ã°Å¸â€Â¥Ã°Å¸â€Â¥ Sebuah Utas https://t.co/mrWu1WsFQ0",1
"Rekomendasi shopee Ã°Å¸ÂÅ 
 Baju pakaian atasan wanita kekinian ootd viral fashion murah busana lengan panjang perempuan cewek Cek Kemeja Wanita Polos Casual Blouse basic Kombinasi Warna Lengan Panjang Kekinian Moscrepe 084 A wn dengan harga Rp9.500 - Rp59.900 https://t.co/oh2OaxCERl https://t.co/5tY0xy9BhF",1
"Vest Knitwear One Side Cable Rompi Rajut Pria / Rompi Formal Pakaian Pria Slim Tebal Hangat dan Halus - Gayadotcom Indonesia [KNT 112] 
 
 Rating : 4,8
 Ã°Å¸â€™Âµ : https://t.co/T1OvQtLZXa https://t.co/pBQpewN2N1",1
"Rekomendasi shopee Ã°Å¸ÂÅ 
 Celana panjang wanita kekinian ootd viral fashion murah bawahan highwaist kulot perempuan cewek Cek Celana panjang wanita baru slim-fit high-waist straight-leg wide-leg jeans celana highwaist wanita dengan harga Rp89.000 - Rp105.000 https://t.co/WSCfuISF2k https://t.co/HypjwNNe4B",1
"Kacamata las otomatis auto darkening 
 
  https://t.co/Z2fPIoIlFL
 
 Now Trends Ã¢â‚¬Â¢ south Korea Raffi Ahmad Serbia Anya forensik bye bye Kaskus Irene #Ã¬â€šÂ¬Ã«Å¾â€˜Ã­â€¢ËœÃ«Å â€Ã¬Â°Â¬Ã¬â€”Â´Ã¬â€¢â€_Ã¬Æ’ÂÃ¬ÂÂ¼Ã¬Â¶â€¢Ã­â€¢ËœÃ­â€¢Â´ #FIFAWorldCup #FIFAWorldCup2022 https://t.co/BVATOcbM8n",1
"- OUTER CANTIK -
 
 Ã°Å¸â€“â€¡Ã¯Â¸Â https://t.co/1rXdTv9YOG
 
 T. Senin #barugajian ANYA FORENSIK #SiBiruBiru Shopee-ku Rafi Ahmad https://t.co/gvp1fDULcb",1
"Rekomendasi shopee Ã°Å¸ÂÅ 
 Skincare untuk kulit wajah mencerahkan melembabkan memperbaiki lapisan kulit skin barrier cerah putih murah viral kekinian Cek Kelly Pearl Cream 15gr - 5gr - Krim Wajah - Foundation dengan harga Rp4.900 - Rp8.700. Dapatkan sekarang! https://t.co/DNf6sDiycx https://t.co/5QQtXFOXz2",1
"Rekomendasi shopee Ã°Å¸ÂÅ 
 Baju pakaian atasan wanita kekinian ootd viral fashion murah busana lengan panjang perempuan cewek kemeja motif gambar bunga flora trendy Cek GFS NEW ARRIVAL MIRSANY SHAKILA BLOUSE dengan harga Rp39.999. Dapatkan di Shopee sekarang! https://t.co/O5hZF9itfT https://t.co/dkIEf9LLVd",1
"Kombinasi produk-produknya HAUFF asli sih bikin perubahan drastis di wajah mimin, next mimin pasti repeat order, dan rekomendasi bgt buat kalian pake 
 
 Untuk produknya kalian bisa cari di Toko Online:
 Shopee: https://t.co/PGQazGSfGx
 Tokopedia:https://t.co/ku5v4cq1FV",1
"Rekomendasi shopee Ã°Å¸ÂÅ 
 Celana panjang wanita kekinian ootd viral fashion murah bawahan highwaist kulot perempuan cewek Cringkle Cek AFI - EC - Ã¢Â­ÂÃ¯Â¸Â PREMIUM AIRFLOW CRINCLE Ã¢Â­ÂÃ¯Â¸Â Viora Pants kulot CRINCLE dengan harga Rp37.500. Dapatkan di Shopee sekarang! https://t.co/GZTzfgYgvy https://t.co/fPHa0DR8Fs",1
"Rekomendasi Moisturizer Untuk Memperkuat &amp; Merawat Skin Barrier
 
 A thread https://t.co/KUxMceueZ9",1
"Rekomendasi Shopee Edisi Aksesoris Laptop untuk menghiasi laptopmu.
 
 Cocok bagi kamu yang ngerasa bosen karena laptop yang monoton. Jadi kalau nonton #FIFAWorldCup , #Netflix , dan #gaming pun lebih berwarna.
 
 A thread https://t.co/PYOIaLPRTw",1
"Rekomendasi Outfit Kuliah
 Inner https://t.co/RIuX8TEvtU
 Kemeja https://t.co/btZoa0PCKv
 Jam https://t.co/wpzyphDWpM
 Tas https://t.co/SNix53ASUb
 Rok https://t.co/MnAPG5h0IR
 Kaos kaki https://t.co/NHKEfgTpBB
 Sepatu https://t.co/JnJPCewmBZ
 Rafi Ahmad Odol ANYA FORENSIK Shopee-ku https://t.co/rhqcEy1ie0",1
"[2] Kebaya Couple by Zavena Batik
 
 Ã°Å¸â€™Â° Rp 65.000 - Rp 195.000
 Link : https://t.co/k5fg1kk5Z5 https://t.co/n7i2BthCE3",1
"REKOMENDASI OVEN MINI
 
  https://t.co/OLOvopxj2L
  https://t.co/QCt6Vz2HWM
  https://t.co/e42GLqcleD
  https://t.co/6eCGYkcD5m
  https://t.co/viSBB9gGKO
  https://t.co/TVH6X2IyLw
 
 T. Oven Shopee-ku senin bye bye baru gajian wendy sibirubiru love shot anya forensikIrene odol",1
"Thread REKOMENDASI LOOSE POWDER UNTUK
 KULIT OILY
 Berikut review loose powder yang bisa kalian cobain!
 PDC Mercredi #2 (30g) https://t.co/Tp6iArseeN
 Merupakan produk kolaborasi mercredi 
 Tags : Rafi Ahmad
 Source : Echa Nabila https://t.co/CLZy4tB5eO",1
"rekomendasi sling bag kanvas under 100k!!~
 
 1. https://t.co/hERUirFnnj
 2. https://t.co/5tApCaoNwc
 
 Ã¢â‚¬â€Ã¢â‚¬â€
 love shot anya forensik kaskus cendol wendy zoom sore serbia bye bye gigi aomg ningning irene odol seonho yeri #CHESHIRE_MVTEASER #HyunBin #HEESEUNG #RedVelvetBirthdayParty https://t.co/zaSQHmXl24",1
"Ã°Å¸â€˜Å“Rekomendasi Totbag Korea StyleÃ°Å¸â€˜Å“
 
 1. https://t.co/xKcTHXjuDj
 2. https://t.co/pBTe9Dnsaw
 3. https://t.co/tG21rcRzxc
 4. https://t.co/dVG0kqhAFe
 
 #shopeeaffiliate #shopeehaul Shopee-ku #odol #RedVelvetBirthdayParty yoona #IRENE #MINJI #HEESEUNG #Loveshot #RedVelvet https://t.co/fQO359j9v0",1
"MDPK - Basic Tank - Bottle Green 
 
 Rating : 4,9
 Cek Harga : https://t.co/wXv4ZiemJL https://t.co/GSUurIUwHc",1
"MDPK - Basic Tank - Ash Grey 
 
 Rating : 4,8
 Cek Harga : https://t.co/UJ2OUbOuv6 https://t.co/rJWZbkNf7h",1
"MDPK - Basic Tank - Soft Green 
 
 Rating : 4,9
 Cek Harga : https://t.co/3PVHar03zW https://t.co/o0K4IuFcsL",1
"BBS Plaster Luka / Hansaplast Anak &amp; Dewasa
 
 https://t.co/i7fzwtYc72 https://t.co/r6BiO4j9qc",1
"MDPK - Basic Tank - Black 
 
 Rating : 4,9
 Cek Harga : https://t.co/NZOSWoHr5l https://t.co/yQ8KGUk9FP",1
"Kaos Polos Doplang Pria Cotton Combed 30s Premium 
 
 Rating : 4,9
 Cek Harga : https://t.co/3QRwxSvenT https://t.co/amjgFJhPTB",1
"LEMONE Combed Spandek Baju Singlet Kaos Dalam Polos Tanktop Pria 
 
 Rating : 4,8
 Cek Harga : https://t.co/SpI4bOL048 https://t.co/jdoK66edo8",1
"JipClo Singlet Pria /tanktop pria/Kaos Dalam/Dalaman cowo 
 
 Rating : 4,8
 Cek Harga : https://t.co/n0AV9gcFKE https://t.co/gl924srFyp",1
"Coba cek ini, deh: ""LocknLock Dandy Tumbler Screw 500ml - LHC4281 - 
 
 Ã°Å¸â€“â€¡Ã¯Â¸Âhttps://t.co/5l3q6hMvL8
 
 ANYA FORENSIK Penjilat Maroko Shopee-ku #SonYeJin #PrankGBK #SiBiruBiru #barugajian Kyungsoo https://t.co/5E4iL34WC9",1
"Ã¢Å“Â¨ PARFUM Ã¢Å“Â¨
 
 Rekomendasi Parfum Vintage buat ayangnya para bujang nih.
 
  Ã°Å¸â€â€” https://t.co/t16vNug03e
 
 T: nct shopee-ku birthday mv teaser belgia maroko senin kaskus kyungsoo spanyol Hobi Ilusi anya forensik love shot
 #SiBiruBiru #SonYeJin #barugajian #CherryPrinceLoeyDay https://t.co/JsZvfKCqbT",1
"Set piyama wanita polos/homewear 
 Cek Ã¢Å¾Â¡Ã¯Â¸Â https://t.co/JhDr2wyhLq
 LINK BIO 332
 
 #RacunShopee #bajutidurmurah #setpiyama #piyama #bajutidur #piyamamurah #piyamakekinian #piyamawanita #piyamapolos https://t.co/6e2XSSBw3m",1
"korean knit crop topÃ¢Å“Â¨
 
 Ã¢Â­Â4.8 - 5
 Ã°Å¸â€“â€¡https://t.co/q7upPyVThz
 Ã°Å¸â€“â€¡https://t.co/6dzr5Sgsya
 Ã°Å¸â€“â€¡https://t.co/KQlfPMm1xL
 Ã°Å¸â€“â€¡https://t.co/aCUvnvvQ9a
 
 Shopee-ku ootd kerah taekook wendy anya forensik directed by v kyungsoo siang maroko hobi love shot johnny smtown #SiBiruBiru #SonYeJin https://t.co/RQmCUwSqAu",1
"Brown vintage dress ideasÃ¢Å“Â¨Ã¢Å“Â¨
 
 Anya forensik rossa shopee-ku love shot baekhyun maroko kyungsoo open sharing click x nct 127 suju siang directed by v #barugajian https://t.co/1vYEXbM6CD",1
"Ã¢Å“Â¨SUNSCREENÃ¢Å“Â¨
 Rekomendasi sunscreen yang nyaman, tidak menimbulkan whitecast, dan tidak merusak makeupÃ°Å¸Â¤Â©
 
 A thread
 
 #PrankGBK #barugajian senin kyungsoo happyloeyday ANYA FORENSIK #CherryPrinceLoeyDay #SiBiruBiru love shot OPEN SHARING CLICK X NCT 127 https://t.co/zFnlKw2pcz",1
"sepatu kronikel
 Ã°Å¸â€â€”https://t.co/5RShLCWfsZ
 Ã°Å¸â€â€”https://t.co/d39dLAAhyc
 Ã°Å¸â€â€”https://t.co/f8BnGkTUMY
 T. Shopee ku Hobi jhopemama kookie bts taekook love shot si biru kyongso cerita Ive Daesang open nct hyunbin sonyejin odol directed v Johnny Anya smtown blackpink gbk thedream pidi nia https://t.co/dPOSEFRJmh",1
"Rekomendasi shopee Ã°Å¸ÂÅ 
 Organizer tempat penyimpanan menyimpan barang skincare makeup perhiasan murah viral kekinian HC Organizer Korea 3 sekat serbaguna Storage Bag gantung 3 sekat Storage Bag gantung Kantong Penyimpanan Hiasan Dinding dengan harga Rp8.499 https://t.co/XHpsptlmui https://t.co/IFlk2diF2z",1
"Town Shell Korean Pillow Hand Bag / Tas Kecil Korea / Korean Mini Bag / Tas Bahu Import 
 
 Rating : 4,9
 Ã°Å¸â€™Â° : https://t.co/i6JK6eLmUy https://t.co/UdoL9LOMdB",1
"Plastik KLIP POUND
 Ini Cocok buat kamu yg jualan Pakaian / Hijab.
 Minat? Hubungi kami di ??
 - Shopee / Tokopedia : SEJATIPRINTING
 - WA : +62 812-2522-0401
 atau klik (https://t.co/IGxkn5p81v)
 
 ANYA FORENSIK | The Big 4 | Rossa | Rafi Ahmad | #PrankGBK https://t.co/4fnVc8K3Ry",1
"Good..
 
 Pakansari LEE HAECHAN Saddil Dimas Drajad Indonesia 2-1 Curacao Dudung Qatar CSIS PBSI STNK Google Play Neck Deep Supra Ciuman #SaldoKaget #TimnasDay #FIFAMatchday https://t.co/9axjEUhYY7;;;;",0
Curacao,0
"Sempurna, Timnas Indonesia Lengkapi Kemenangan 2-1 Atas Curacao https://t.co/KrAULBdIaS
 
 #indonesiadaily #indonesiaupdates #indonesiamaju #timnasindonesia #indonesia #sepakbola #skor #timnasgaruda #skor;;;;",0
"Tampil Apik, Indonesia Kembali Kalahkan Curacao dalam Laga FIFA Matchday
 #TimnasDay Saddil Witan #FIFAmatchday https://t.co/oRPOZspig5;;;;",0
"Btw cara ferrari buat provokasi pas kartu merah juninho itu ala2 pemain eropa sih, abis dikerubutin dia dg tenang gak pake emosi langsung hindarin kerumunan pemain curacao. Ã°Å¸Ëœâ€šÃ°Å¸Ëœâ€š
 
 Guling2an nya si marselino juga mirip neymar Ã°Å¸Â¤Â£Ã°Å¸Â¤Â£;;;;",0
"Lanjutt...
 
 Pakansari LEE HAECHAN Saddil Dimas Drajad Indonesia 2-1 Curacao Dudung Qatar CSIS PBSI STNK Google Play Neck Deep Supra Ciuman #SaldoKaget #TimnasDay #FIFAMatchday https://t.co/fwqT4IQNbH;;;;",0
"Ini adalah pertemuan kedua negara dalam hitungan hari. Sebelumnya Indonesia vs Curacao berlangsung di Gelora Bandung Lautan Api, Sabtu (24/9/2022).
 https://t.co/dFUWtcxpqk;;;;",0
SEGINI DOANG NIH CURACAO Ã°Å¸â€”Â¿;;;;,0
"Wih seru Indonesia menang lagi 
 
 Ã°Å¸â€¡Â®Ã°Å¸â€¡Â© INDONESIA 2-1 CURACAO Ã°Å¸â€¡Â¨Ã°Å¸â€¡Â¼;;;;",0
Baru denger ada negara namanya Curacao Ã°Å¸Â¤Â£;;;;,0
Penampilan Witan Sulaiman dalam #FIFAMatchday patut mendapatkan atensi khusus,0
Tim Liga 1 gaada yg mau transfer pemain Curacao? Udh cocok skill baku hantamnya Ã°Å¸â„¢Â;;;;,0
"Indonesia vs Curacao di GBLA 3-2
 Indonesia vs Curacao di Pakansari 2-1
 di gbla nonton, di pakansari henteu soalna aya kuliah
 nuhun timnas abi banggaÃ¢ÂÂ¤Ã¯Â¸ÂÃ°Å¸Â¤Â;;;;",0
"Indonesia 2-1 Curacao
 Dendy Witan luar biasa Ã¢ÂÂ¤Ã¯Â¸Â
 
 Pakansari LEE HAECHAN Saddil Dimas Drajad Indonesia 2-1 Curacao Dudung Qatar CSIS PBSI STNK Google Play Neck Deep Supra Ciuman #SaldoKaget #TimnasDay #FIFAMatchday https://t.co/QCx7MAQvFy;;;;",0
Demi apa gw kira Curacao tu nama club dari Jepang.. wkwkwkwk #FIFAMatchday #TimnasIndonesiaHebat;;;;,0
"Anak korban broken home yang didalamnya ada KDRT, menangis melihat keputusan lesti.",0
"Inilah Profil Dendy Sulistyawan, Pencetak Gol Kemenangan Timnas Indonesia saat Lawan Curacao https://t.co/vWAqY5ufqM 
 
 #TimnasDay #TimnasIndonesiaHebat Dendy Sulistyawan l Dimas Drajad;;;;",0
@dikavaradilla curacao sebelah mananya spanyol,0
@SantorinisSun Jerman aja dilibas apalagi cuma curacao;;;;,0
Plt Bupati Bogor Borong Tiket Indonesia vs Curacao,0
@PSSI klo nyari sparring jgn timnas yg isinya pemain tarkam.. emosi mulu.. Curacao kasi lawan PPSM Magelang atau Temanggung aje..;;;;,0
FT FIFA Friendly Match : Indonesia 2-1 Curacao. (Dimas Drajad,0
@idknickig288181 Indonesia vs Curacao;;;;,0
"@YoFernand_ @alfredihendri1 @panditfootball lepar"" pas habis pemain curacao nendang bola ke tribun;;;;",0
"Sesungguhnya melawan Vietnam 10x akan jauh lebih bermanfaat ketimbang melawan Curacao 2x.
 
 Cc: @PSSI 
 
 Sekadar saran dari penonton layar kaca.;;;;",0
Dramatis! Akhirnya Timnas Indonesia Berhasil Kalahkan Curacao dengan Skor Akhir 2-1 https://t.co/WsXqlkwKx2;;;;,0
@FOOD_FESS sushi tei jg ssminggu sebelum dan sesudah ultah kl ga salah;;;;,0
Kena Kartu Merah,0
Ini pemain Curacao ada dendam apa sama Irianto. Dilanggar Mulu haha.;;;;,0
@The_RedsIndo @Concacaf Virgil van dijk milih timnas curacao dibanding timnas belanda dan menggunakan no 4 tadi terlihat;;;;,0
"Siapa kita , INDONESIA Ã°Å¸â€¡Â®Ã°Å¸â€¡Â©Ã¢ÂÂ¤Ã¯Â¸Â
 
 Pakansari LEE HAECHAN Saddil Dimas Drajad Indonesia 2-1 Curacao Dudung Qatar CSIS PBSI STNK Google Play Neck Deep Supra Ciuman #SaldoKaget #TimnasDay #FIFAMatchday https://t.co/SpQcTCBy25;;;;",0
Golll dari dendy sulistyawan memastikan kemenangan bagi timnas indonesia atas curacau #TimnasDay #TimnasIndonesia #Curacao #Ultras #trending https://t.co/2VgIQZM1lo;;;;,0
kiper Curacao harusnya dipanggilin ustad tuh,0
@kontralevel1978 @Yamyug @idextratime itu dia kepancing emosinya,0
"Gol Dimas Drajad mirip seperti Gol @bepe20 ke gawang Bahrain di Piala Asia 2007..
 Shoot luar kotak dari Firman Utina, bola muntah di Sambar BePe..;;;;",0
@registaco Pertukaran budaya memang penting,0
Gw yakin kalo tadi mainnya di GBK / JIS pemain curacao keknya bsa menang tu;;;;,0
"Timnas Indonesia sukses taklukkan Curacao dengan skor akhir 2-1
 
 Kerja bagus, Terima kasih Garuda!Ã°Å¸â€¡Â®Ã°Å¸â€¡Â© #TimnasDay https://t.co/XZKEZqppEt;;;;",0
"Timnas Indonesia kembali mengalahkan Curacao dengan skor 2-1
 https://t.co/qavzbVk3jC https://t.co/hJx50GC9Td;;;;",0
"@halupulisi Oman,Bahrain,Thailand kita rematch kalau perlalu gabungin sekalian
 
 #tweetsombong;;;;",0
"Peluit panjang menutup permainan;
 Indonesia 2 - 1 Curacao
 Wangi-wangi juara mulai merebak....
 
 #TimnasDay 
 #SelamanyaGaruda;;;;",0
Indonesia 2 - 1 Curacao Ã°Å¸ËœÂÃ°Å¸â€˜Â;;;;,0
@hrdbacot Apa cuman saya yang melihat kiper curacao ternyata adalah @KhabyLame;;;;,0
semangat besok seninâœŠğŸ¼,0
Besok SENIN jangan lupa upacara,0
Ya allah besok senin ğŸ˜© baru kali ini rasane kyk aras arasen,0
@Bola_Jakarta Boikot liga kita klo mereka masih ngeyel .,0
tidur besok senin,0
"Bismillah
Besok Senin",0
Makan kidsğŸ¥ºğŸ¥ºğŸ¥º besok senin https://t.co/V58yl4QfWG,0
"Faktanya besok itu hari senin
Ditambah hasil akhir 1-5
Yakin tidur nyenyak?",0
omg besok senin,0
besok senin,0
"besok hari senin dan tepat memperingati hari ""mental health sedunia"".. semoga kita semua semakin kuat dan bahagia ğŸ’–",0
besok senin wkwk,0
"Anijir... emak2 pada nangis, gara dengar kasus KDRT,semua simpati satu indoneasia... ,polisi pun di buat repot, Gak tau ny masih BUCIN, satu indonesia Kena Prank...ğŸ¤£ğŸ¤£ğŸ¤£ğŸ¤£",0
@gidle_25 Mayan lah yg di up kuyyy tenggelemin tren kdrt itu ... Akyu bosann.,0
"3. Peristiwa KDRT Lesti dan Billar dilaporkan terjadi di Jalan Gaharu III, Cilandak, Jakarta Selatan",0
@aisha_fass Dia kena kdrt makin beken mbak,0
"@mingimatcha @avalanchesturn @mamaziyan01 @eros0219 Kalo mamahku denger berita ini pasti dia bakal ngomel ngomel,waktu berita kdrt ke up juga dia langsung nanya nanya tetehku yng udh nikah,beliau ini jadi was was ğŸ˜­ğŸ˜­",0
"1. tanggal 28 September 2022 , Lesti Kejora melaporakan ke Polres Jakarta Selatan, tentang Rizky Billar dengan kasus KDRT",0
pelaku kdrt bakal ngelakuin lebih parah ğŸ˜¢,0
"[askrl] ngebayangin hidup sama pelaku kdrt aja dah serem, ditambah orangÂ² udah pada tau ğŸ˜­ kalian kalo dah nonton pendapat pakar ekspresi serem loh, katanya si bill ini ekspresinya marah dan dendam pas di prescon penangkapan, bahkan psikolog bilang worst case after that, (cont)",0
ke triggered liat KDRT yang akhir akhir ini dibahas,0
"Denger ni plisss Buat 2 org yg udah ngeprank 1 indonedia
#leslar #riskybillar #kdrt #bucin https://t.co/QhHsWTKHOn",0
"@mingimatcha @AREAJULID Wkwk terjadi juga sama sahabatku, waktu hamil dia sering dpt perlakuan kasar suaminya+diselingkuhin, udh gua suruh pisah aja karna KDRT+selingkuh itu tdk bisa di benarkan, eh ujung""nya ttp sama laki'nya dan foto mesra â˜ºï¸ anaknya lahir curhat dengan curhatan yg sama
Dahlah bodo",0
"Iyaa, tapi gue juga takutnya malah jadi pembenaran kalo KDRT itu bisa di maafkan. Penjelasan panjang boleh, tp korban jd dicekek lagi besoknya gmn? Kalo yg ke2 ntar mati gmn? Apa penjelasan ini akan nolong? https://t.co/v8aPH7Y5aZ",0
"@indahhikari kita tunggu saja ndah berita selanjutnya, bknnya mndo'akan, tpi daa gmna yaa, pelaku kdrt mah kyanya ga smudah itu deeh berubah ğŸ¤£",0
Alasan Polisi Masih Tahan Rizky Billar Meski Lesti Cabut LaporanÂ KDRT https://t.co/QDJtzgKUu6,0
"@detikcom Laki2 klo sudah Melakukan KDRT krna Perselingkuhan susah untuk Berubah nya.
Krna saya prnah merasakan nya.
KDRT dan Perselingkuhan 4x saya diam kan, dan akhirnya saya Lelah Ampe kurus badan...dan saya Mengajukan Cerai.. Alhamdulillah skrng udah dpt yg  Baik..",0
"Bahkan ada yang bilang Lesti tiba-tiba cabut laporan kdrt karena sayang uang endorse mereka yang cukup besar
Selain bucin gak ketulungan, sifat mata duitan ini perlu dikendalikan
Yakali hampir meninggoy karena kdrt eh malah mau dibatalin
Aneh gak tuh
Kasian fans kena prank https://t.co/noDpPqVMhk",0
"Tunggu KDRT ke2, ke3, ke4 dst....baru kau sadar lesti ğŸ¤§ https://t.co/86NK5P9IDJ",0
Berarti lu siap di kdrt lg yak? Maap w bingung https://t.co/8tbGm8bOMb,0
@RANGERmounts hahaha bengeeeppp karena oplasâ€¦ bukan kdrt mah ituuuâ€¦ ğŸ¤£ğŸ¤£ğŸ¤£,0
"@belindch Iâ€™m so so sorry to hear that, Mba. 

Kita liat aja lah nantinya gimana. Kalo emang settingan-nya beneran mah nyebelin abis sih. Bisa bikin orang makin gak peduli sm KDRT. ğŸ˜”",0
"@nclsskn @andienaisyah Tahu, tp saking manipulatifnya si pelaku, smpe korban blg sm sodara2nya atau temennya bahwa dia gpp, atau dia yg slh. Yg lbh parah lg byk korban kdrt yg dibuat putus hubungan sm kluarga dan teman2nya. Mgkn aja disuruh milih, pelaku (suami)atau mereka.",0
Sangat disayangkan ya banyak korban kdrt mudah luluh karna pelaku mohon mohon minta maaf dengan dramatis. Padahal itu cara manipulatif pelaku :( dan bakalan terus kejadian terus. Sedih kalau alasannya karna anak. Padahal anak bisa trauma kalau tau ibunya sering dipukulin bapaknya,0
@theanatta Astagfirullah kdrt,0
"@deckyGio @adelladellaide gk sesederhana itu
apalg ini kdrt
bisa jd lesty pertimbangannya takut anaknya dihap ati diapa2in sm keluarga lakinya
krn selama ini hukum yg ngatur kasus ortu-anak kandung disepelein mulu",0
"@kimchimashiso Iya.. memang berat bangeet.. palagi pas lagi sayang , dia selingkuh dan berujung kdrt.. ,saya hampir buta ditonjok pas di mata..
Ya Allah.. memang butuh waktu.., tapi Alhamdulillah.. justru saat ini jauh lebih baik.",0
"@pn7l7h Siap-siap lah menerima KDRT jilid 2 dan semua netizen akan nyorakin...""mampus lo goblok""ğŸ¤ªğŸ˜‚ğŸ˜ğŸ¤£ğŸ˜ğŸ˜µâ€ğŸ’«ğŸ¤®",0
@Askrlfess Udah kdrt terus selingkuh apa ga takut sama penyakit kelamin pas liat masa lalu cowonya ya,0
@andienaisyah Moga2 si RB yg janji akan berubah bener2 berubah shg si dedek tdk kembali jadi korban KDRT trus lapor polisi lagi &amp; lagi.,0
@ribonk Tul. Peduli kdrt sih bagus tp ranah keluarga orang jg ada batas yg ga bole kita lewati,0
@Dyslexia19_ Wkwkwkwkkw jane sih ragagaa mas..mung gagas e goro2 kdrt ne kui....eh malah njabut...wkwkwkw pekok tenanğŸ¤£ğŸ¤£ğŸ¤£...hatkor opo helikopter mas...wkwkwkwk,0
@KompasTV Bentuk sangat mencintai = melakukan kdrt ğŸ¤¢,0
"@Askrlfess Ga papa dede memang fetisnya BDSM mungkin atau memang mereka itu KDRT di artikan Keseruan Dalam Rumah Tangga.
Jadi ya sedikit ada rasa gore dan masokis nya",0
Siklus KDRT @mardiasih @tunggalp @lyndaibrahim @okkymadasari @Gyoucancallme @sheknowshoney @Yettidewi https://t.co/mriotPCBiS,0
"Orang orang pada heboh bahas KDRT, gua mau bahas KDRT, KK aja masih ngikut ortu.",0
Komnas Perempuan memahami dan menghormati pilihan Lesti Kejora mencabut laporan polisi terkait KDRT yang dilakukan Rizky Billar. https://t.co/0uYujjSa1s,0
"@detikcom Klo emang masih cinta ngapain laki d laporin KDRT, Nikmati aja KDRT nya klo masih Cinta...
Ibarat kata Menjilat Ludah Sendiri klo Bgitu..
Lapor k Polisi atas Tindakan KDRT, tpi Giliran laki nya d penjara mau Mencabut Laporan... polisi mah ude bener, menindaklanjuti laporan mu.",0
"Ya gitu lah pemain Sinetron drama Indosiar, sangat menjiwai
Bahkan diterapkan dalam hidupnya.
 KDRT - Lapor - (di ancam/kena mental) - cabut laporan - damai - KDRT lagi - kumenangis - tolol - bulol .
#kdrt #lesti",0
"Jokowi melalui arahannya kepada Pemko Bandung bakal mulai menyalurkan bantuan langsung tunai (BLT) total senilai Rp2 miliar untuk 4.000 pelaku usaha mikro kecil dan menengah (UMKM).

#BWDNtoJakarta | Lesti | KDRT | #BersatuCiptakanRIMaju | Koh Steven https://t.co/ypHg2R2u6s",0
Komnas Perempuan memahami dan menghormati pilihan Lesti Kejora mencabut laporan polisi terkait KDRT yang dilakukan Rizky Billar. https://t.co/0uYujkajfA,0
"KDRT HAMPIR SELALU KORBANNYA ADALAH CEWE.
DAN CEWE BAGAIMANAPUN, HATINYA MUDAH LULUH, DENGAN RAYUAN, BUJUKAN, BAHKAN TANGISAN.

SELANJUTNYA TERSERAH ANDA.
EMANG MASALAH BUAT GUE.....? https://t.co/OTvZL8xr4U",0
"#Cuaca #CuacaBMKG #BMKG: @NabilaSlsbillah: 'Pas banget cuaca kayak gini crott bareng kamu
Tag Sangcok BRImo Bank Mandiri #JumatBerkah Leslar 1,1 M Perang Bintang Prime Video KDRT ' https://t.co/ra35tNGKFM, see more https://t.co/BQIwGEVlka",0
"@detikcom Percayalah pasti anaknya lebih bahagia hidup berdua dengan ibunya daripada keluarga bersama tapi harus melihat ibunya tersiksa, kasian mantal anak. kdrt dan selingkuh itu gak ada obatnya. kenapa gak kaya ATT aja ketika suami gitu walau hamil milih pisah.",0
"Apakah ku harus KDRT dulu biar ngga ditinggal sama pasangan ?
Stockholm syndrome itu emang beneran ya ternyata.",0
"Leslar itu juga satu managemen bisnis, bisa saja mreka punya bisnis2 tertentu atas nama mreka berdua, yg bisa  kacau jika mreka sampai bercerai atau bilar dipenjara. Lesti bsa saja marah saat kdrt ,tp stelah kemarahan mereda, dia dn orang skelilingnya mulai berhitung.",0
Tinjauan Hukum Perdamaian KDRT Rizky Biliar vs Lesti Kejora https://t.co/aHk4XfPnSI https://t.co/O2pBK114tz,0
Di KDRT jg nahan aja atau cuma drama hahaa https://t.co/y8OC0yjCzZ,0
"@rickasun09 Mbkq aj milih balikan Mb..
Udah g KDRT se skrg..
Cuma y ggitu susah diajak kembali k jalan Allah
Moga2 umrahnya kmrn bisa ngembalikan dia..
Kasihan keluarganya",0
"Sebenarnya masalahnya itu PDA. Mesra-mesraan masuk TV dan socmed, trus kasus KDRT masuk TV dan socmed. 
Ya jangan heran kalo nanti udah baikan masuk TV dan socmed lagi. 
Ya jangan heran kalo orang mikir ini settingan demi rating.",0
@detikcom Gak ndungakno dibaleni maneh. Tapi kdrt dan slingkuh iku wes haluan. Gaiso prei,0
"Pagi2 baca tweet ttg kdrt, jadi inget sama kejadian 5 taun lalu. Sempet deket sama orang yg cukup temperamental, marah ga jelas over the small things sampe dia mukul tembok depan muka gue. Hari itu juga I decided to leave. Ya masa nunggu sampe muka gue kena tonjok ğŸ™ƒ",0
"@andienaisyah @vjdaniel @MerryRiana Aku sdh nonton podcast Andien dgn Daniel, tp tetep kubaca tweet ini. Semoga semua korban kdrt segera sadar &amp; memilih jln yg benar sebelum mati konyol",0
"Lesti Membuat Kesepakatan Dengan Rizky Billar, Menjadi Penyebab Keberanian Membatalkan LaporanÂ KDRT https://t.co/g8FsTxI2zm",0
"@wulanhumaira2 Lesty parah, menurut saya berdasarkan pengalaman saya. Itu akan terulang lagi dan lagi, ini saya bukan yg lain dan saya yg pernah mengalaminya. KDRT dari fisik sampai verbal secara fisik mungkin akan sakit badan saja tp kl KDRT secara verbal trs akan membekas",0
"Lesti itu tipikal cwe kampung mendadak kaya dpt cwo ganteng jd biar di KDRT nahan diri aja yg penting ttp status menikah, ga aneh emang modelan gtu ya ttp aja ga bisa berubah bawaanya, mknya inul aja suport dia krn semodel ğŸ˜",0
@detikcom Daaaan terjadi lagilah si korban KDRT tunduk kembali ke pelaku KDRT. Entah krn Lesti takut atau gmn ya ğŸ™„,0
@mbulmbulmbull @GePamungkas Dikira kdrt ternyata fetish,0
"Tadinya mikir gini, wah bagus nih ada preseden supaya korban KDRT lainnya berani melawan abusernya tp ternyata LK cabut laporan ğŸ˜”. Tp pas liat interview LK bahwa alasan dia karena anak jadi sadar keluar dari toxic &amp; abusive relationship itu susah. Semoga support systemnya kuat. https://t.co/6lge8Vtrsc",0
"@treasuremenfess GW kira edit juga soalnya ruto ky bikin tembok pembatas anj, pasti dia salting klo ngeliat mba lisa ğŸ˜‚",0
GSG9OO ANG GANDA TALAGA NI LISA ğŸ˜­ğŸ˜­,0
Lisa sama Haruto ini apa ngerti ya kalo mereka banyak yg ngeship emak anak,0
wow haruto lisa challenge bareng,0
"Tumben ada blink yang waras. Nah gini dong peduli juga ama lisağŸ‘ Pdhl masih ada 3 kategori lain buat bp, gausah dibawa ribet lah kalo emang lu real ot4 dan bukan blink abal abal, lu masih bisa vote bp di kategori lain, dan vote lisa di best kpop. https://t.co/ylWTGLHF8D",0
@SmokeyLisa_eth Lisa is scampi ğŸ¤ ,0
gakuattt haruto sm lisa lucu bangetttt,0
@lisa_j_ana Kenapa siiiih ini kenapaaaa?????,0
LISA https://t.co/7HzAITUiMU,0
@lisa_j_ana Siapaaaaa? Berani2â€™nya ganggu bestie ulun ğŸ˜‚ğŸ˜‚,0
"@_tsutsutsutsu_ WARGHHHHH MAMI LISA TOP TIER, tiap ngeliat beliau rasanya pengen disayang-sayang dan diayomi",0
"HARUTO X LISA OMG IM SCREAMING
GABISA GABISA INI LUCU BANGET FAKKK https://t.co/5lNnDhwe76",0
@lisa_j_ana Iisss kenapa ini? Ada apaaaa?,0
"kira2 haruto lisa tiktokan b2 gara2 kaga sengaja ketemu atau gimana yağŸ˜”
#HARUTO #LISA https://t.co/XJ5IdHuS02",0
@lisa_j_ana Wkwkwkwwk senang banar hobi,0
@Snezo_Ntaka Job well done akubalulekanga uyithole kanjani imali okubaluleki is that u didn something beautiful with it ğŸ˜Šwell done my guy â¤ï¸â¤ï¸â¤ï¸,0
@lisa_j_ana Wkwkwk aselii mrk ni seperti mba mba ribut banar dr awal sampe akhir wkwk,0
@LisaMarieUG Hi Lisa,0
"@KelinciPaskah Lisa, Beidou, Xinyan, Rosaria ğŸ¤£",0
@lisa_j_ana Selamatkan suami mu min yoongi wkwk,0
@Lisa_Akh @justbongza Andoyiki mna shame,0
"Gimana pamernya ruto pas balik ke dorm ""HYUUUUNG GUE TIKTOKAN BARENG TEH LISA WEEEEW""",0
Lisa best kpop,0
jakarta tambah macet itu juga gaya hidup hasil gubernur banyak ngibul https://t.co/3fzPAZLC4v,0
@lisa_j_ana Bujur bujur pelawak wkwkwm,0
@SameDeon @Lisa_Akh Or ubambe ijazi lami? https://t.co/l8x1dmgyDB,0
Jennie ketularan lisa bahasanya ğŸ˜† https://t.co/Pcdn9Rs7La,0
@rickburin Mona Lisa,0
"@khailunax ada beberapa akun blink gede, yg blg buat vote lisa, nah 3 nominasi lain baru vote bp. solo stan ngamuk, knpa gak pilih grupğŸ¤£
trus bikin tweet kek nyinggung tapi ngarah ke 'jeleki lisa' sama mutual gue di like. dahal yg bikin tweet solo stan yg gak suka lisağŸ˜…",0
@lisa_j_ana Wkwkkw aseli kek bayiii hahaha..,0
lebih mendukung jika muncul kapel lisa ruto dripda jeni v,0
@lisa_j_ana Wkwkwkwwkkwk asli ngakak heh ada2 aja yg ngedit,0
baru bgt blg suka treasure trs tbtb lisa bkin konten berdua sm harutoâ˜ºâ˜ºâ˜ºâ˜ºâ˜ºâ˜ºâ˜º,0
@lisa_j_ana Hahahahaah,0
@lisa_j_ana Wkwkwk iyakan?,0
Gimana yaa w dari tadi ga bisa stop nontonin Haruto x Lisa ğŸ˜­ğŸ˜­ğŸ¤,0
@jnnrbyjne_ salfok lisa nangis,0
"LisaağŸ˜»ğŸ’—ğŸ’—

#lisa
#blackpinklisa https://t.co/nZLbeoc1TI",0
BENER BENER HARUTO LISA ANJINGGG BENERAN KAGASI,0
"hehe.... the power of lalalalisa_m
#LISA #HARUTO #TREASURE https://t.co/Lk3b5SRtFW",0
"Zendaya, Mona Lisa &amp; Tom Holland ğŸ¨ https://t.co/6ABF8uthka",0
"Blackpink and lisa? Wow, Interesting. wkwk mau lihat persentase kedua nya, siapa kah yg lebih unggul ğŸ˜¬ aku tahu lilies juga sangat keren kalo ada voting. Aku tetap pilih blackpink dan lisa secara bergantian nnti ğŸ˜Š https://t.co/Cn8k1f1oPZ",0
LISA UNNIE YA KAN RUTO #HARUTO #LISA https://t.co/03bG5zfZjh,0
@rickburin Mona Lisa.,0
"anjir haruto lisağŸ˜­ğŸ« ğŸ«  demi apapun w kira editan maafff, Aslii gue tonton muluğŸ˜­ğŸ’• senenggg bgt akhirnya, yuk bisa next jennie with jihoonğŸ™‡ğŸ¼â€â™€ï¸",0
"Ngikutin haruto dari setahun sebelum debut kalo ga salah, suka ya karena emng sevibes itu Ama Lisa, tapi buat stan dia, stan grupnya, masih ga tertarik, but jujur sayang banget Ama treasure, please balik lengkap lagi ya ğŸ¥²ğŸ™

#LISA #LALISA #MONEY https://t.co/VO90c1T8qh",0
"@harutoboboan @patietoursr kata si stan tresur ğŸ¤¡ susah bgt lu bersyukur udah fave nya dipromosiin lisa masi aja fansnya ngerepet sana sini, hush najis",0
INI APASIH YANG DI MAKAN SI LISA BLACKPINK GUE PENGEN https://t.co/oIsljsQGGs,0
"GUA NANGIS BANGET SIH HARUTO SM LISA HELLOğŸ˜­ğŸ˜­ğŸ˜­
#LISAXHARUTO #HARUTO #LISA",0
"Tarik minat investor di IKN Nusantara
Pemerintah siapkan sejumlah insentif. #Viral Moana #JIMINDAY #HappyBirthdayJimin #OurBelovedJimin  #AngelofOctober JIMIN JIMIN Mimi Lisa Busan Denji Makima #JOKOWI #INDONESIA SAYANG UDAH MAKAN https://t.co/94gNTwBQMq",0
@ewoodlz gak tau padahal nggak ngapa ngapain tapi cape... hehehe gapapa kak emg dn nya kosongan ğŸ˜»ğŸ¤ŸğŸ» lisa juga aku suka &gt;____&lt;,0
"@Born2Bredarmy LALISA

#LALISA #MONEY #LISA",0
yg gue pikirin gmn carany haruto ngajak lisa https://t.co/dF0MzECakg,0
"Saking pusing liat persenggolan solo stan ama kita belink liat kek gini aja gue ngakak 
..
Jennie Lesti Lisa Inul anggota baru BlackpinkğŸ˜­ https://t.co/CWRega5eSH",0
@rosiemyroses lisa,0
AAAAAAAAAAAAKKKKKKKKKK MASI GANYANGKA GUE HARUTO LISA BAKAL SATU FRAME ğŸ˜­ğŸ˜­ğŸ˜­ https://t.co/BnV4lE2yud,0
@GenuineUndead @_SavageUchiha @Cryptok34505857 @MszFortune @ShibFlotro7 @Gndmxrjdm Mona Lisa,0
harus nya #HARUTO  x #LISA  dance Money gak sih???,0
Dikata lisa nasi rames dibungkus? Wkwk ğŸ˜†ğŸ˜‚ https://t.co/MMV1agJZfr,0
"MIMPI APA INI LISA BARENG HARUTO???
BIAS KU 2-2 NYAAA ğŸ˜­â¤ï¸ NANGIIISSS

dan umur mereka beda jauh padahal, tapi Lisa berasa kaya adik nya Ruto ğŸ˜­
 
*btw tembok pesantren YG udah runtuh keknyağŸ¤£ https://t.co/ggx1YRoiEH",0
tan linda lisa https://t.co/uDkjoSeAO1,0
@TweetyChrystusa Mona Lisa?,0
"Pertumbuhan ekonomi kuartal kedua 5,44% termasuk terbaik di dunia. #Viral Moana #JIMINDAY #HappyBirthdayJimin #OurBelovedJimin  #AngelofOctober JIMIN JIMIN Mimi Lisa Busan Denji Makima https://t.co/5Gl9Lr2pqo",0
mau jadi haruto atau mau jadi lisa ya aduh susah banget milihnya xidsjsnsnsns #HARUTO #LISA https://t.co/hgwPNVgILq,0
"Kecil banget Pinggang Lisa Blackpink.. perut nya juga rataa, makannya tu lari kemana ya ğŸ™„",0
PB ada yang mau followan sama aku? rt aja ya - lisa,0
@kierjalcaraz Yaaas pabuntis mo na si lisa kay bojooo,0
@luvfurs Ahh fck that grp for all I care.. disband je lagi bagus dr lisa kena tone down sbb yg lain perform mcm gampang bosan ğŸ˜ª,0
@lisa_said26 Sangat cantikkkkk,0
Demi apasi Haruto sama Lisa woy bikin challenge akkkk,0
"@idextratime Lagian yg paling benar itu adalah pembersihan PSSi ,seluruh pengurus dan Exconya harus mundur, FIFA dan pemerintah bentuk baru.   Kalo cuma IbUL dan STY out mah Bunuh Diri namanya, skuat mafia lama ambil alih lagiğŸ˜­ğŸ˜­ , kl dah gitu bubarin aja bola dah,pemaen suru main futsal aja",0
"@fxmario Bentar, dia kan anggota DPRD ya? Berarti mewakili partai tertentu kan ya pas 2019. Kalau 2020 mundur dari partai atau ganti partai lain, emang masih jadi anggota DPRD?",0
Opa STY gosah mundur Biar aja para petinggi PSSI yg mundur. https://t.co/jXB9ozAgez,0
"@rahmandaraf @Fandom_ID Nah itu dia mas, yg bermasalah FEDERASINYA.. berarti semua yg terlibat dalam PSSI itu harus mundur,semua jajarannya bahkan LIB juga sekalian, kalo hanya ketuanya saja, apa menjamin PSSI akan lebih baik kedepannya, atau bahkan lebih hancur dari yg sekarang?",0
"#styout Iwan bule nabrak Asnawi Mundur Jeng Kelin Viral Inul

Benar gak usah ribut sudah di klarifikasi rektor dan  sejak 2017 rektor di pilih presiden serta pasal pemalsuan izasah sudah dihapuskan di UU ciptaker https://t.co/P5NpM1vmeg https://t.co/YKA2gKHPo9",0
"Jahat, dia mentamengkan STY. Ya sudah mundur saja kalian semua, STY sekalian. https://t.co/4mRpNgwtYY",0
"Tanggung Jawab itu ya mundur 
#IwanBuleOut
#IwanBuleOut
#IwanBuleOut",0
Mundur aja koh..ribet amat https://t.co/BgDbqNQ4WF,0
@ariiGembul23_ Lha kok sty kon mundur knapa mas?,0
"@whereiselfy Opini gw sih kayaknya ga perlu mundur deh, lagian juga masa jabatannya tahun depan mau abis. Nah setelah masa jabatannya abis baru tuh dirombak biar ga rangkap jabatan gitu. Kalo salahin ketum aja atas tragedi kanjuruhan kayaknya juga ga ada sih",0
"@18fesss Bener, kalo jadwalnya mundur sakitnya lebih parah ğŸ¥¹",0
@panditfootball Silahkan kalau mau mundur. Zidane juga masih nganggur.,0
"@idextratime Salahhh, haruse kalo iwan bule ga mundur saya yang mundur,",0
"Shin Tae-yong akan Mundur sebagai Pelatih Timnas jika Ketum PSSI Mengundurkan Diri, Imbas Tragedi Kanjuruhan https://t.co/XRwglDxabP",0
"@iIhamzada Yap bener,. Mundur aja gmasalah, asal semua mundur, semua pengurus PSSI mundur",0
"harus kemana aku mengadu mundur tak bisa maju pun salah
Hanya ALLOH yang bisa membulak balik kan hati manusia 

andaikan dia bukan pemilik surga sudah ku tingalkan",0
"@tegarpribadiah1 @Rby_sd @panditfootball Lha yang bodoh itu sty

Kenapa harus ikutÂ² mundur kalo ketua PSSI mundur?",0
"@tvOneNews Mundur aja lho,emang lho doang yg bisa melatih...jekichen juga bisa jdi pelatih...",0
"@CNNIndonesia Mundur mawon RPP sesok bar ganti PSSI kontrak meneh, nek Ra gelem ganti pelatih liane",0
"Sama seperti mereka yang mendorong ketum PSSI agar mundur, orang2 yg mendukung #STYOut nyatanya cuma segelintir aja",0
"@NarasiNewsroom STYout ....sudah terpapar adab perilaku pejabat Indonesia ...(sudah tidak lagi Korea) yg tidak tau malu tidak bertanggung jawab masa bo'do(h) suka mencari kambing hitam dan korup .
Dia udah tidak seperti di Korea yg mau mundur jika salah dan berani dihukum ...",0
@lantip Emang mundur = tanggung jawab?? Jangan nuntut tanggung jawab klo jadi suporter aja gk bisa tanggung jawab!,0
"@pejuangdolars @FT_IDN tinggal bubarin aja sepak bola kok ribet amat.. nggak ada tuh yg nyuarain ketua club.nya suruh mundur.. kalo mau beres bubarin semua dari akar.nya dong.. club, pssi, timnas, bubarin semua dah beres",0
"@idextratime Lagi ga belain siapa2, ini mah coba bayangin kalo ibul mundur, ternyata kita malah makin nyungseb. Terus ketua yg baru mundur, ganti ketua lagi, nyungseb lagi. Ga kelar sampe sangkakala bunyi",0
"@novanjava96 @idextratime Mundur juga ga mengembalikan nyawa, ğŸ™",0
@detikcom Sekalian ber 2 mundur !!! Di bawa asuhan sim tae yong juga timnas tdk bermutu..ğŸ¥´,0
"Tenang pak @iriawan84 tunggu sampai 1juta Tanda Tangan baru mundur, kurang satu aja jangan mau ğŸ¤­ https://t.co/NDRMQRUXgO",0
@tanyakanrl Bisa nggk sih itu kaki mundur dikit,0
@idextratime Waduh daftar pengurus yang layak di serukan untuk mundur udah gagal mereka memimpin pssi,0
"Oke vik kalo elu masih menyimpan rasa dengan ayah gua
Gua akan MUNDUR",0
"Ketua Umum PSSI tidak mau mundur
Malah bung valentino simanjuntak
Yang mundur
Iwan bule lu sama kaya iwan bopeng buat ulah",0
"@satriohendri Mundur yang menunggu disuruh mundur itu bukan mundur . Tapi dimundurkan . Rupanya di sini STY bukan sekedar melatih bola Bang , tapi juga belajar politik "" menyandra "" ??? Tapi apa mungkin ngefek Bang?",0
"@NarasiNewsroom Mundur aja, silahkan. Masih ada coach Justin",0
"@bangZhack86 pejbt sini mn mo mundur, apalagi ktua mk... posisi pnting buat jegal mnjegal komplen peraturan",0
@GIBOLofficial Ngapain nunggu si bule mundur kalaubkatanya ini ttg moral...mundur ya mundur saja gaknusah nunggu yg lain,0
"@FaktaSepakbola Kalo itu kemauan mu silahkan pak STY, kami kasih karpet merah utk anda mundur",0
@Footballnesia Apasi kesalahan terbesar ketum PSSI hingga kalian ingin dia mundur??,0
"Saya masih berharap dari dulu bahwa uda @febridiansyah mundur saja, biarkan yang lain saja jadi penasehat hukumnya, kalau stament seperti ini kan permainan kata kata saja tidak ada fakta baru yg bisa meyakinkan masyarakat terkait kasus bisa semakin terbuka&amp; jelas duduk perkaranya https://t.co/C923Nw5bbI",0
"@panditfootball @PSSI USULANNYA KALIAN HARUS MAU NERIMA USULAN, YANG USULANNYA ADALAH KALIAN MUNDUR AJA SEMUA!!!",0
maju terus gaakan mundur,0
"@DiBacaAdam #STYOut Silakan saja STY mau mundur, SEPAK BOLA INDONESIA TIDAK AKAN KIAMAT TANPA STY DAN IWAN BULE. Harusnya STY tidak usah ikut2an berkomentar hanya akan memperkeruh suasana. 

Pahami sepak bola Indonesia yg sering ditunggangi urusan politik",0
"STY Mao ngajarin ksatria ke semua pengurus PSSI... Kalo ketua mundur... Udah seharusnya semua pengurus mundur,, kepala ke ekor.
Cuma STY salah kamar aza... Di Indonesia gak begitu jalan maen nya ğŸ˜‚ https://t.co/6uDrPPbvav",0
@key_kyy @idextratime Itu poin2 gw yaa sama kek mereka kalau ibul mundur pssi nya mau gak pertahanin sty atau justru mereka justru mau sty cabut,0
"Mundur dikit pak, gantengnya kelewatan https://t.co/MxFvc95y0V",0
"#STYOut Silakan saja STY mau mundur, SEPAK BOLA INDONESIA TIDAK AKAN KIAMAT TANPA STY DAN IWAN BULE. Harusnya STY tidak usah ikut2an berkomentar hanya akan memperkeruh suasana. 

Pahami sepak bola Indonesia yg sering ditunggangi urusan politik",0
"@panditfootball Yauda STY mundur sekarang, siapa tau si bule ikutan mundur. Setelah bule mundur ntar sty direkrut lagi kalo emang bagus",0
@FaktaSepakbola Ketum PSSI mundur karena dia punya rasa simpati dan empati atas tragedi kanjuruan !! itulah pemimpin yg bertanggung jawab ! saya hormat kalau Ketum PSSI mundur,0
"Anjay, , ,

Dulu Â Nugraha Besoes juga mundur ada perubahan di PSSI â“â“â“ https://t.co/oU77F25CPo",0
"Round Up STY Ancam Mundur: Tagar #STYOut Ramai, Pemain Buka Suara https://t.co/yoLUAQer39",0
"@frklsss @tatapratamaa @seniman_bola @gmthiar Ya, tapi dengan sikapnya ibul sekarang yang gamau disalahkan juga bentuk tidak tanggung jawabnya dia. Pantas untuk mundur.
Statement STY juga aneh, kalau emang mau mundur jadi pelatih ya tinggal mundur.",0
@abdllhismail @FaktaSepakbola karena isinya cuman orang itu - itu aja. makanya mundur itu segerbong sekalian. orang ga berkompeten dinadikan pengurus,0
"@idextratime Banyak bacot, mundur mah mundur aja",0
"@tvOneNews ya udah mundur aja, kalo loyalis bule
#STYOut 
#STYOut",0
"@panditfootball Gpp mundur aja, yg penting PSSI dirombak total ganti semua sampai tingkat kabupaten..",0
"@GOAL_ID Jika sudah tertangkap dan dihukum silakan netizen teriak sekuat""nya meminta seluruh Pengurus PSSI mundur.",0
@FaktaSepakbola Mundur aja silahkan gapapa !!!!! Asuw,0
"@key_kyy @idextratime Dibaca baik2 bang maksud komen gw arahnya kemana, lebih ke pssi yg harus bersikap MISAL ibul mundur, ada misal itu lohhh dan gw juga bilang apa pssi yg justru mau sty, pssi disini yaa itu exco dan jajaranny",0
"@FaktaSepakbola akaudnya bule mundur dulu, trus sty mundur n pengganti bule... mantap",0
"@FaktaSepakbola Ga usah terlalu di tahan tahan lah, kalau mau mundur ya mundu aja. Prestasi jg baru seuprit, pelatih negara besar aja mundur jg ada pengganti yg lebih bagus. Seleksi alam",0
"Ingat hidup cuma sebentar bisa buat sabar &amp; tak lama juga 5 waktu buat kembali sadar...âœğŸ˜‡â³ğŸ–#â“šâ“â“œâ“˜â“¢
___
Mowning Pagiii Morninggg 
KDRT Moana Mundur",0
"@idextratime Percuma ketum mundur, exco masih sama",0
"@ahmadizzaaa oalahhh okayy makasii ja, gw mau nonton maju mundur mulu anjir",0
@FaktaSepakbola Sok atulah mundur...terimakasih.,0
"Padahal sudah nda kuat aja, pake alasan kalo mundur ikutan mundur. 
Objektif terlalu imposible, setelah dipikir-pikir..
mau putus kontrak ndadapat fee;
mau nunggu dipecat nanti track record jelek;
mau nunggu sampe kontrak abis, yo cape ngiming ngimingi juara mulu. 

Kocak.",0
"Telah meninggal dunia:
Jiwa ksatria yang berani mengaku salah dan mundur dari jabatan yang diamanahkan.

Wakanda emang selucu itu. https://t.co/wjvxOshbOV",0
"@FaktaSepakbola Harusnya sty bilang ""saya akan ttp melatih asalkan ibul mundur"" pasti bakal bnyk dukungan
Klo statementnya gtu, yaudah mundur aja, rakyat tau apa yg lbh berharga",0
"@idextratime Kalo untuk ketum dalam periode ibul ini emang nunjukin perubahan yg agak signifikan, tapi semisal cuma ibul sama sty yg mundur sedangkan exco gada perubahan samsek ya percuma.",0
@yulius_wisnu padahal kalo STY mundur duluan tuh para petinggi PSSI ga akan ikutan.. biar relain STY daripada masih dikuasai orang-orang ga ada hati dan akal begitu.,0
@panditfootball ENAK AJA MUNDUR...,0